# g1 command bank v1
# ckpt runs/2026-09-28_bfm-zero-g3_2048b_fad37870/checkpoints/step_36000.ckpt
# pool 65536 stride 6
# cem 20x24 elites 4
# gates ess>=100 scaffold>=15% hard>=0.25
count 20 256
start_clip 13
qpos -0.00039599998854100704 -2.499999936844688e-05 0.7986339926719666 0.9994698166847229 0.0010729881469160318 -0.011346873827278614 -0.03011466935276985 0.049855999648571014 0.0613970011472702 0.27896198630332947 0.164015993475914 -0.10979700088500977 -0.015076999552547932 0.031161999329924583 -0.07206100225448608 -0.24469099938869476 0.23096199333667755 -0.18716399371623993 0.022460000589489937 0.00025099999038502574 -0.00748499995097518 -0.004397999960929155 -0.008035000413656235 1.6251230239868164 -0.14645500481128693 1.2095990180969238 0.26291900873184204 0.1619960069656372 0.10742300003767014 -0.03900900110602379 -1.5010850429534912 0.01793600060045719 1.2972979545593262 -0.06997200101613998 0.052521999925374985 -0.20383599400520325
qvel -0.008150475099682808 -0.004668272566050291 0.0004526444536168128 0.12597763538360596 -0.45415833592414856 -0.11263097822666168 0.9117299318313599 -0.1184999868273735 0.484470397233963 -0.7276796698570251 0.2927098870277405 -0.06012000888586044 0.760979950428009 -0.18935991823673248 -0.13935014605522156 -0.37235987186431885 0.04442989453673363 0.08043000102043152 0.1430399864912033 -0.1460999846458435 0.5011500120162964 -1.8101998567581177 -1.2047122716903687 0.22623001039028168 -3.2388315200805664 2.702519416809082 3.8523590564727783 -0.9049200415611267 0.14532005786895752 1.0405826568603516 -0.9187199473381042 -2.6713476181030273 -1.050779938697815 2.6872196197509766 -0.697650134563446
name walk
group locomotion
terms 2
term 1 0 0.8950709998607635 -0.021790940314531326  # head_height > 0.8950709998607635
term 9 2 0.5 1.4  # 0.5 < body_speed_forward < 1.4  <- GOAL
ess 16756
scaffold 9 0.5681104852552014 2.1618981784517968
hard 0.0 1.0 cem
achieved 0.7671836027226693 1.1673945474490992 0.7512308565919804 0.742141054048874 0.20428916396280764 0.251767440869027 0.05408392592668258 0.04885579070480996 0.988958459151616 1.1050793342787986 -0.09836734504316791 1.1144234243121098 0.10308201266741808 -0.008836869544784114
z -0.2859501242637634 0.024310987442731857 0.6254656314849854 -0.6608980298042297 -1.6215524673461914 -0.06124194711446762 1.5992673635482788 0.09229354560375214 1.3348579406738281 0.6600689888000488 0.7470766305923462 -0.16029435396194458 -0.6637831926345825 -1.0379008054733276 -1.4356276988983154 0.49739110469818115 0.34511393308639526 1.3923054933547974 2.3741025924682617 0.7483248710632324 0.10930871218442917 0.6403184533119202 0.7392278909683228 -0.5470433831214905 -0.8355255722999573 0.9552844166755676 -0.40416353940963745 1.9417465925216675 -0.007316090632230043 0.4184662997722626 0.30209046602249146 -1.7851306200027466 -0.4709775149822235 -1.560805082321167 -0.9652357697486877 -1.3254389762878418 -0.24641284346580505 1.3394558429718018 -1.1860944032669067 -0.05286338925361633 -0.6303132772445679 0.6639347076416016 1.7605643272399902 0.6870309114456177 1.6636041402816772 -0.5308117270469666 0.4701201915740967 -1.7397397756576538 -0.7542548179626465 -2.1392807960510254 0.04417448118329048 -0.7852064371109009 -2.6440722942352295 0.18391895294189453 0.3013717830181122 -0.8781298995018005 -0.7882939577102661 -0.3740912675857544 0.8450085520744324 1.2499202489852905 1.465198278427124 -0.6743810176849365 -2.0407145023345947 -2.1290674209594727 0.9363677501678467 0.6949541568756104 -0.91936194896698 -1.4279595613479614 -0.32733386754989624 -0.8631620407104492 0.7287327647209167 0.3185400664806366 -0.8727094531059265 0.9043747782707214 0.0846313089132309 -1.5406458377838135 -0.038283027708530426 -1.4735143184661865 1.5283280611038208 -0.3749961853027344 1.322125792503357 -0.016177641227841377 -0.1361118108034134 -0.2932882010936737 -1.7253280878067017 1.1094844341278076 -1.1646541357040405 -1.0004847049713135 -0.015501256100833416 -0.41629737615585327 -0.3685353398323059 1.2938240766525269 0.01326688565313816 0.18921278417110443 0.11711965501308441 -0.12090805917978287 -0.528077244758606 -0.9411462545394897 -0.29437676072120667 -0.1433241218328476 -1.6521722078323364 0.40649330615997314 -1.1207059621810913 0.4668580889701843 1.0827491283416748 0.19811967015266418 -0.8923113346099854 -0.8789152503013611 0.6179168820381165 -0.7717787027359009 0.6420093178749084 0.8122159242630005 -0.3199436366558075 -0.45726773142814636 0.5449573993682861 0.8386679291725159 0.6719427704811096 0.22623960673809052 -0.948678195476532 1.7657625675201416 0.830636739730835 -0.9565003514289856 0.6926784515380859 -0.20943231880664825 0.9008694887161255 1.4274481534957886 -1.4997811317443848 -0.8914942741394043 -0.6819067001342773 0.841339647769928 -0.5510822534561157 1.2421159744262695 0.6728596091270447 0.6091645359992981 -1.8031949996948242 -1.7654218673706055 -1.2091959714889526 -1.1013126373291016 -2.9302031993865967 0.09977886080741882 -1.2398852109909058 -0.9512069225311279 0.2562195658683777 0.690567135810852 -0.5517556071281433 -1.1605310440063477 -0.4014204144477844 -0.40342047810554504 2.6909849643707275 0.35122114419937134 1.314994215965271 -1.3754863739013672 -0.7734594345092773 2.4189162254333496 0.6298723220825195 -0.9849107265472412 0.010791974142193794 0.44573667645454407 1.2159615755081177 -0.2364106923341751 1.7403818368911743 1.3063626289367676 1.6191954612731934 0.3670923113822937 1.7099920511245728 0.915793240070343 -0.7535395622253418 -0.01577102579176426 -0.8218955993652344 0.6846833229064941 0.6583815217018127 -0.9615948796272278 -1.6630406379699707 0.6940672993659973 -1.1044490337371826 -0.816486120223999 -0.3364203870296478 0.719082236289978 -1.1653558015823364 0.07025771588087082 -1.640979290008545 1.0208065509796143 -0.004612957127392292 0.17885702848434448 1.041778802871704 0.9518890976905823 0.5320273041725159 -0.22325770556926727 0.23363064229488373 -0.7129040956497192 -0.5928127765655518 1.9577970504760742 -0.24197803437709808 -0.15023106336593628 1.1688015460968018 0.6188960075378418 0.015456939116120338 0.8474713563919067 0.6197989583015442 -0.6904414296150208 -1.3846615552902222 0.044364627450704575 1.0534336566925049 1.464529275894165 0.30773547291755676 -1.6009762287139893 -0.44274163246154785 0.06581296026706696 0.07638096064329147 0.9082223773002625 -0.0036305992398411036 1.2708945274353027 -1.0920295715332031 -0.4399266839027405 -0.7437072992324829 -0.26267820596694946 -0.3553134799003601 1.1799917221069336 -1.112032175064087 0.18214932084083557 -0.6137597560882568 -1.4351701736450195 -0.16540250182151794 1.9542514085769653 0.3135710060596466 -0.7340850234031677 -0.03179147094488144 -0.4755469262599945 -0.6853460669517517 0.10295621305704117 1.886838674545288 -0.15612146258354187 0.2575787305831909 1.3591299057006836 -0.24002839624881744 0.20749704539775848 0.2878211438655853 0.12391936779022217 0.5099548101425171 -1.7993160486221313 -0.9897164106369019 1.2031841278076172 0.44571933150291443 -0.45508915185928345 -0.4281005859375 1.3411674499511719 -1.1830775737762451 0.13555017113685608 -0.8237264156341553 1.0775659084320068 0.2619096636772156 -1.4308626651763916 -0.6848996877670288 0.2007441520690918 -1.6842975616455078 0.02366228960454464
name run
group locomotion
terms 2
term 1 0 0.8950709998607635 -0.021790940314531326  # head_height > 0.8950709998607635
term 9 2 1.5 3.0  # 1.5 < body_speed_forward < 3.0  <- GOAL
ess 4214
scaffold 9 0.5681104852552014 1.798024546518738
hard 0.0 1.0 cem
achieved 0.7004044934954602 1.0918950936413563 0.8050029888329018 0.794553563574804 0.11031702494489512 0.18306158930697153 0.10226551639471182 0.08697994680641263 0.964176469385324 2.6713671505258705 -0.17240956003203212 2.678373832002347 0.11638360648456425 -0.03992082488666415
z 0.8422093391418457 -1.4627562761306763 -0.7828419804573059 1.1892108917236328 -0.2924479842185974 -0.48771989345550537 -0.49487242102622986 -1.6732568740844727 3.1979494094848633 -0.6491129398345947 0.08390731364488602 0.19713763892650604 -0.2551654279232025 -0.10879679024219513 -0.484841912984848 -1.3311434984207153 0.32681000232696533 1.4711469411849976 -0.8994720578193665 0.5373366475105286 0.4815031588077545 -0.5589583516120911 0.6830226182937622 -0.763558566570282 -0.10444800555706024 0.28004831075668335 -1.0382746458053589 -0.8236668109893799 -0.3705303966999054 -0.9614778757095337 0.17153014242649078 0.6807311773300171 0.039492037147283554 1.5114465951919556 -0.4774034023284912 0.39044687151908875 -1.1681021451950073 -0.6878980398178101 1.4402605295181274 1.2958062887191772 0.924271285533905 1.0136773586273193 -0.17868131399154663 -0.9434313178062439 1.3795593976974487 0.7240883111953735 2.143364667892456 1.688873529434204 -0.36388516426086426 -1.1103057861328125 -0.3339082598686218 -1.515893578529358 -1.3756505250930786 1.9684597253799438 0.38269495964050293 0.22348983585834503 0.649101197719574 0.7648798227310181 -0.7384741902351379 -0.9312844276428223 0.07304205000400543 0.5830413103103638 -1.2685699462890625 0.25173091888427734 -0.2750442922115326 -0.49915435910224915 0.653168261051178 -1.6226152181625366 -0.9607658386230469 0.12887926399707794 0.9869247674942017 0.6740519404411316 0.15196315944194794 -1.1018824577331543 -0.7940836548805237 -1.0802596807479858 -0.3652793765068054 -1.8166844844818115 0.640453040599823 -1.8124616146087646 1.0989611148834229 0.7420130372047424 -0.7812156081199646 0.10348143428564072 0.01999257691204548 -0.9664948582649231 -1.7339866161346436 0.07594926655292511 0.8840743899345398 -0.7705368399620056 -1.1537762880325317 0.9761542677879333 0.5830988883972168 -0.7726436257362366 -0.6540634036064148 0.7691575884819031 1.0293858051300049 -0.5020729303359985 -0.5934985876083374 -0.7034265995025635 -1.8271220922470093 -0.004827689845114946 0.009377737529575825 -1.6903438568115234 1.3204951286315918 0.738877534866333 0.27816858887672424 0.8659711480140686 0.8501999974250793 -0.1356372833251953 0.4086299240589142 -0.5979882478713989 0.47676825523376465 -0.772803008556366 0.48054537177085876 -0.16826018691062927 -1.173054814338684 -0.20984137058258057 -0.8098511099815369 -0.195878267288208 -0.0659484937787056 -0.6588262915611267 0.809972882270813 -1.339929461479187 2.1148359775543213 -0.2420002669095993 -2.5528526306152344 -1.4672952890396118 0.39777785539627075 2.121415138244629 -0.8360164165496826 0.7774159908294678 -1.0066956281661987 -0.282584547996521 -2.040069818496704 -0.09273781627416611 -0.1985454112291336 -0.6029533743858337 -1.3725976943969727 1.2073487043380737 0.08733475208282471 -0.42944198846817017 1.0713021755218506 -0.18454763293266296 0.377279132604599 -0.600720226764679 -0.4158792793750763 2.015251636505127 -0.11397511512041092 -1.6677167415618896 1.257153868675232 -1.5863018035888672 -0.5105672478675842 2.214155435562134 0.8057979345321655 -0.028524324297904968 -0.6169899106025696 -1.5283210277557373 -1.3452610969543457 1.2033764123916626 -1.285286545753479 -0.17702436447143555 -0.35098204016685486 1.7899340391159058 -1.0148285627365112 -1.0297867059707642 -0.4000144302845001 0.3305830657482147 -0.6292643547058105 -0.8776234984397888 -0.6566617488861084 -0.3128873407840729 -0.21320007741451263 -0.5571412444114685 0.784325361251831 -1.511378526687622 0.2189122438430786 1.1514687538146973 -2.7750208377838135 -0.8397522568702698 0.9134973883628845 1.8797591924667358 0.7231874465942383 0.7214427590370178 1.448790431022644 -0.21851196885108948 -0.2389843463897705 -2.013206958770752 -0.7693299055099487 0.16659459471702576 -0.8811907172203064 -0.19470083713531494 -2.34710431098938 0.10572884231805801 -0.5573415160179138 -1.0865659713745117 -0.9536417722702026 0.17780011892318726 -0.8144399523735046 -0.8286957740783691 -0.8691056966781616 -0.8397583365440369 0.4132697880268097 -0.028689613565802574 0.8453693985939026 0.16481970250606537 0.6433802247047424 0.3804169297218323 -0.7500778436660767 0.02821478433907032 -1.1446726322174072 0.3885992467403412 -0.7354816198348999 -1.7792298793792725 -0.9340378642082214 0.2260071188211441 -0.1488254964351654 1.3455649614334106 -1.1725788116455078 -0.8171436190605164 0.11643146723508835 -0.12853166460990906 -1.5971307754516602 -0.315733402967453 1.496787428855896 -0.795609176158905 -0.9894956946372986 0.5883407592773438 -0.4993509352207184 -0.03127417340874672 -0.33281803131103516 -0.09747562557458878 -0.5701694488525391 0.9572569131851196 -0.20799210667610168 -0.3492603600025177 0.8353870511054993 -1.4867596626281738 1.3258954286575317 0.3692936897277832 0.3794392943382263 -0.22951683402061462 0.31608080863952637 -0.8879765272140503 -0.7033524513244629 1.0204495191574097 1.7505587339401245 -0.35330498218536377 -2.7114357948303223 0.7323974370956421 1.043751835823059 0.744857132434845 0.4928116798400879 1.6950466632843018 1.386094331741333 -0.22923925518989563
name back
group locomotion
terms 2
term 1 0 0.8950709998607635 -0.021790940314531326  # head_height > 0.8950709998607635
term 9 2 -2.5 -0.5  # -2.5 < body_speed_forward < -0.5  <- GOAL
ess 3170
scaffold 9 0.5681104852552014 -4.339996283138385
hard 0.0 1.0 cem
achieved 0.6849334287899852 1.085957686841136 0.7208087862884487 0.7027335843781304 0.18423633686103896 0.21593612777710067 0.057246511860968755 0.07299886985603372 0.992607589240057 -1.8897085995631493 0.04740109461684884 1.8933112971765638 0.12864584933925788 -0.035026172228415905
z 0.8437881469726563 -0.8055240511894226 0.27134379744529724 -1.6075152158737183 -0.1100958064198494 0.04030672460794449 0.15814326703548431 -0.8666771650314331 -0.9810720086097717 0.3670949637889862 -1.9226949214935303 0.5181384086608887 -0.8871222734451294 1.2249574661254883 0.8352551460266113 -0.3459644019603729 0.10794279724359512 0.5794845223426819 1.9001259803771973 0.9709364771842957 0.5991544127464294 0.1010541319847107 0.8552387952804565 -0.302116334438324 1.1215394735336304 -1.7658045291900635 1.2988840341567993 -0.13274970650672913 2.417430877685547 0.9919347763061523 0.9300426840782166 0.05282576009631157 -0.6375216245651245 1.7026267051696777 -0.8383966088294983 -0.5185413360595703 0.1715775430202484 -1.9696571826934814 -0.7677001953125 1.0303490161895752 0.18044228851795197 0.14948192238807678 0.2875956892967224 -1.2390388250350952 -0.7413117289543152 -0.664971113204956 -0.4119900166988373 -1.4733186960220337 -0.0903240218758583 -0.2511582374572754 -1.813026785850525 -1.848737359046936 -2.2845466136932373 0.35442179441452026 1.753071665763855 0.7567444443702698 -0.304665744304657 0.671675443649292 0.3846185803413391 -0.1415293961763382 -0.6059028506278992 -0.16191411018371582 0.23400048911571503 -1.0151546001434326 -0.3944130539894104 -1.5128564834594727 -1.1215115785598755 -0.489960253238678 -0.5971493124961853 -0.12569530308246613 -1.1122887134552002 0.568088173866272 -1.6767711639404297 0.5314237475395203 -0.8927943110466003 0.9288683533668518 0.9966663122177124 -0.24462802708148956 0.900707483291626 -1.0195996761322021 0.7151027321815491 0.5766795873641968 1.274825096130371 -0.2573704421520233 1.0472800731658936 -1.0724208354949951 -0.8875755071640015 -0.24982641637325287 -0.1260152906179428 -0.799003005027771 0.24733063578605652 0.4254975914955139 -0.8414774537086487 2.605839729309082 -0.19089478254318237 0.7575626969337463 -1.2726359367370605 0.24737024307250977 0.25082194805145264 -0.7198944687843323 -1.167357325553894 -0.5523284673690796 0.62027508020401 -0.5321145057678223 0.9054100513458252 -1.701935887336731 -0.13066010177135468 -2.5945847034454346 -0.6757945418357849 -0.06305424124002457 2.189523220062256 -0.5598729848861694 -0.8205156922340393 -0.9903383851051331 0.11528569459915161 -0.7751655578613281 0.10978582501411438 1.387190341949463 1.5172419548034668 0.054600052535533905 0.6772502064704895 -1.3344906568527222 -0.8150050640106201 1.733224630355835 -0.7183988690376282 0.9053647518157959 0.131319060921669 -0.9344314932823181 -0.944787323474884 -0.5574806332588196 -0.24694757163524628 0.16038480401039124 0.6009647846221924 0.5449169874191284 0.8135738968849182 -0.11429377645254135 -0.9925987124443054 -1.3304916620254517 -0.23479999601840973 -1.041250467300415 0.7301252484321594 -1.5412122011184692 -0.6747676730155945 0.1814374029636383 0.971836507320404 -0.8550840616226196 -0.30852413177490234 -0.7765476703643799 -0.4512547552585602 0.4787040650844574 -0.8187451362609863 -0.8166912198066711 -1.4457725286483765 1.0726984739303589 -0.622340202331543 0.5284907221794128 -1.2541460990905762 0.1576523780822754 -0.46284615993499756 -0.6256103515625 -0.9575679302215576 0.9560076594352722 -0.15007291734218597 1.8415461778640747 -0.7303050756454468 1.1592799425125122 -0.3979950249195099 0.11520656198263168 1.2897772789001465 -0.2620757818222046 1.7395306825637817 -1.395259976387024 0.919736385345459 -0.5442174673080444 1.5989055633544922 -1.1935068368911743 0.9523046612739563 1.4746918678283691 1.3786869049072266 1.1283434629440308 0.4068961441516876 -0.770921528339386 -0.8795268535614014 -1.1888236999511719 -1.847967267036438 1.4287617206573486 -0.10317770391702652 0.07057390362024307 -0.33690306544303894 0.5314317345619202 -0.08550883084535599 -0.2321864664554596 -1.4137535095214844 1.1727828979492188 -0.1018313392996788 0.1251387596130371 -1.375360131263733 0.36143428087234497 -1.3411668539047241 0.4108258783817291 -0.2131877988576889 -0.7210356593132019 -0.5704784989356995 -0.004010881297290325 -0.5714070796966553 -1.4565435647964478 -0.04686913266777992 -0.269477903842926 -0.5468750596046448 1.4290242195129395 -1.3293068408966064 0.3795846104621887 -1.4297168254852295 -0.6149767637252808 -0.545631468296051 0.37235701084136963 0.6456825137138367 1.4783060550689697 -0.8052001595497131 1.6261783838272095 -0.10305457562208176 -0.09032582491636276 0.3614082932472229 -0.7255894541740417 -0.706251859664917 -1.7482755184173584 -3.223954677581787 0.30952733755111694 1.86636483669281 1.3528038263320923 0.20673523843288422 2.7515335083007813 1.650243878364563 -0.7867568731307983 1.5630117654800415 0.9398747682571411 -0.6738482117652893 0.31905800104141235 0.6742517948150635 -1.261301040649414 -0.8405818939208984 0.5584490895271301 0.9185242652893066 0.20454852283000946 0.4800412058830261 0.9120901823043823 -1.1821155548095703 -1.6248167753219604 0.5118417739868164 -0.6647655963897705 0.9303447604179382 0.602088212966919 -1.0156397819519043 -0.8781017661094666 -0.044752612709999084 1.010329246520996
name spin_left
group locomotion
terms 3
term 8 0 0.9 0.0  # upright > 0.9
term 0 0 0.7540479898452759 0.029116928577423096  # body_height > 0.7540479898452759
term 12 0 1.0 0.0  # body_angular_velocity_yaw > 1.0  <- GOAL
ess 3722
scaffold 12 -0.059257998321688224 1.7390235921357828
hard 1.0 1.0 cem
achieved 0.7807736751484882 1.184181298774263 0.8521871035637678 0.7810325166733831 0.29901902069700786 0.2978107957220251 0.07638354447693214 0.06109956760881724 0.9987008281270493 0.5779683616705364 0.06387856166966914 0.6081234415273066 1.630349488487692 0.017573949225410494
z -0.9228274822235107 -0.8610825538635254 -0.2445603311061859 -1.788037657737732 -1.2586003541946411 0.43415501713752747 0.3451644480228424 0.35545870661735535 -0.6036542654037476 -0.6583420038223267 2.0311062335968018 -0.2503001391887665 -0.02752726897597313 1.0144298076629639 0.25315165519714355 0.13493026793003082 -0.15666380524635315 1.244267463684082 -0.9398497343063354 -0.06322728097438812 0.31265148520469666 1.2868937253952026 1.2088990211486816 -0.21427883207798004 1.4398667812347412 -1.9864245653152466 1.4861087799072266 1.3557839393615723 -0.19406433403491974 -0.15241289138793945 -0.3072327673435211 -0.439883291721344 1.055662751197815 0.028654037043452263 -1.0951720476150513 -0.16237011551856995 -1.0025941133499146 0.9450435042381287 0.9958996772766113 -0.4106118083000183 0.5436238050460815 -0.7417372465133667 -0.8499032258987427 0.06320879608392715 -1.7687506675720215 -2.1984798908233643 0.3077028691768646 -1.2028920650482178 -1.388537883758545 0.6056034564971924 -2.1585636138916016 -0.6436992287635803 -1.0893206596374512 1.9131029844284058 1.2854115962982178 -1.137323260307312 1.8413312435150146 0.6814742088317871 -0.907941460609436 0.8122722506523132 -0.1999436765909195 0.23014527559280396 1.4844619035720825 -0.13025666773319244 -0.13785162568092346 -1.0428651571273804 -1.3350964784622192 -0.6747504472732544 -0.36407557129859924 -1.4200021028518677 2.426452159881592 1.3844860792160034 -0.6856447458267212 0.46269601583480835 0.38870561122894287 -0.6297329664230347 -0.45199140906333923 -0.29502829909324646 0.614486038684845 -0.04198312386870384 1.5200270414352417 0.2570204734802246 -0.15487508475780487 -1.5016738176345825 0.37502408027648926 -0.10822005569934845 -0.5127988457679749 -1.0660377740859985 -3.523688554763794 0.12158826738595963 0.040376026183366776 0.41176146268844604 -1.3144630193710327 0.48424750566482544 -0.18118366599082947 0.32577598094940186 1.2771071195602417 -0.4337506890296936 0.9048169255256653 -0.23918858170509338 -2.3099844455718994 0.9737076759338379 -0.5413954854011536 -0.22362667322158813 0.3537340760231018 -1.8367058038711548 -1.0387214422225952 -0.12483247369527817 1.2208516597747803 -0.09066376835107803 1.2766327857971191 0.34554368257522583 -2.2179481983184814 -0.6021562814712524 0.11511232703924179 0.35057932138442993 0.9996596574783325 -1.3507136106491089 1.0514692068099976 0.9070212841033936 -0.2800663411617279 0.7377257943153381 2.024336338043213 -0.7454554438591003 -0.1287933737039566 0.4704737961292267 -0.7577206492424011 0.1624135971069336 -1.073899269104004 0.2555879056453705 0.2456207126379013 0.36345618963241577 -1.348690390586853 -0.21350698173046112 0.13983692228794098 0.7431483864784241 0.7286663055419922 -0.15798865258693695 -1.3756999969482422 1.2971514463424683 2.174285888671875 -0.10592655092477798 -0.25336432456970215 1.0394620895385742 0.9688827395439148 -1.110088586807251 -0.8501074910163879 -1.7142512798309326 0.2967880964279175 0.767684280872345 0.34394556283950806 0.5051875710487366 -0.24225583672523499 -0.14270757138729095 -1.467157006263733 -1.3653923273086548 -0.8747426867485046 0.12087275087833405 0.8267085552215576 0.4782075583934784 0.9721278548240662 1.1264184713363647 0.48384666442871094 -1.217721939086914 0.3372151851654053 0.16051875054836273 -0.21666087210178375 2.1286072731018066 -0.5387197136878967 0.5215458273887634 0.17732033133506775 -0.9040886163711548 0.21375909447669983 2.0449044704437256 -0.3769768178462982 -2.3635971546173096 -0.2642802298069 -0.21313564479351044 1.482308030128479 0.385673463344574 -0.21485307812690735 0.6605489253997803 -0.3818669319152832 0.6217113733291626 -1.1108334064483643 -0.1675174981355667 0.4372502267360687 -1.8779865503311157 -0.39693018794059753 0.14385239779949188 -0.7877111434936523 0.1506185084581375 -0.3427608907222748 0.08304571360349655 1.7194527387619019 -0.885450005531311 -0.9817544221878052 0.5721414685249329 0.656524658203125 0.20424093306064606 -0.39540332555770874 0.4951528012752533 0.39022114872932434 -0.07412683963775635 -0.9195961356163025 -0.9956672787666321 -0.514366865158081 -0.7791537642478943 -0.930730402469635 0.43900030851364136 1.331078052520752 0.7236464619636536 -0.8895667195320129 0.2246345579624176 -1.5194119215011597 -2.285240411758423 0.844082236289978 -0.125212624669075 -0.2630040645599365 -0.9925387501716614 -0.513595461845398 -0.7055023312568665 0.20091475546360016 0.4263335168361664 -0.36173108220100403 -1.4173879623413086 -1.4457014799118042 2.0010883808135986 -1.499329686164856 0.32538771629333496 -0.06704273819923401 -1.6941941976547241 -0.1596119999885559 1.6678342819213867 0.6084609031677246 -0.5709642171859741 -1.6935725212097168 -0.3965293765068054 -1.3878904581069946 0.47644585371017456 -1.5352448225021362 0.11857429146766663 -0.5348682999610901 -0.5094128251075745 1.4172425270080566 1.4990171194076538 -0.33237943053245544 -0.025122830644249916 -1.4023396968841553 0.015043205581605434 0.7949456572532654 0.20467998087406158 -0.9754570722579956 -1.8091973066329956 -0.2121153026819229 -1.5797666311264038
name spin_right
group locomotion
terms 3
term 8 0 0.9 0.0  # upright > 0.9
term 0 0 0.7540479898452759 0.029116928577423096  # body_height > 0.7540479898452759
term 12 1 0.0 -1.0  # body_angular_velocity_yaw < -1.0  <- GOAL
ess 3054
scaffold 12 -0.059257998321688224 -2.8845973242941465
hard 0.0 1.0 cem
achieved 0.777910954203642 1.1759739135339595 0.8521229516199375 0.7586439613734017 0.3057292382389076 0.27778190328833235 0.10084778793865976 0.04372819524882608 0.985207637125138 0.05900552758185702 0.2441382190680783 0.25939898522371846 -1.829500057961526 -0.028296087759347926
z -0.058311332017183304 0.5693731904029846 0.17631810903549194 0.5584263801574707 0.10800787061452866 -0.44218772649765015 -0.1916666179895401 -0.9488253593444824 0.721607506275177 0.8569695949554443 -2.5133278369903564 0.0746317058801651 -0.9273113012313843 -0.28449422121047974 -0.2279556542634964 0.22176596522331238 1.6934126615524292 -0.9034186601638794 0.8937508463859558 0.21841995418071747 -0.06154724583029747 -0.42676201462745667 -0.3137773275375366 0.06181824579834938 -0.5636860132217407 1.4286490678787231 -1.7510398626327515 -0.08950569480657578 0.37243759632110596 0.3807244598865509 0.4904443323612213 0.5733717083930969 -0.37348446249961853 -1.1415387392044067 0.4181320369243622 -0.8781298398971558 0.025182534009218216 0.8581611514091492 -0.7415028810501099 0.1863020956516266 -0.04971681535243988 0.6037989258766174 1.428572416305542 -1.1182353496551514 2.0499815940856934 2.9197003841400146 0.36524665355682373 0.38775205612182617 1.1652650833129883 -0.06510956585407257 2.479219675064087 -0.7058017253875732 -0.7488080859184265 -1.4975754022598267 -0.7257756590843201 -0.06960345059633255 -3.0780692100524902 -0.6031651496887207 0.13620588183403015 -0.47403407096862793 0.20361028611660004 -0.48720964789390564 -1.8047069311141968 -0.27694955468177795 -0.7896535992622375 0.621623158454895 0.628618597984314 1.2118909358978271 -0.015283486805856228 0.6904600858688354 -0.7646389603614807 -1.917524814605713 0.9955244064331055 -0.05096044763922691 0.8248796463012695 0.3245887756347656 0.2614932954311371 0.06689641624689102 -0.3584734797477722 -0.6934470534324646 -1.6888704299926758 1.3283337354660034 0.5484633445739746 1.2211538553237915 -0.9829599261283875 -0.3795546293258667 0.7004628777503967 0.8075791001319885 0.9431183338165283 0.34395909309387207 -0.21793706715106964 0.0808197483420372 0.40919098258018494 -0.10611940175294876 0.6781660318374634 -0.10386358946561813 -1.6472892761230469 1.3424880504608154 -1.3868541717529297 0.31391748785972595 0.8975921273231506 -0.5626780390739441 -0.26579931378364563 0.07064496725797653 1.8365992307662964 0.6118015646934509 1.7051633596420288 -0.14363718032836914 -1.0354571342468262 0.2558787167072296 -0.7641192674636841 0.1939864605665207 1.0052040815353394 -0.1548013687133789 -0.3131806552410126 0.4026532471179962 -0.6546780467033386 -0.012242038734257221 -1.092558741569519 -0.878325343132019 1.2089568376541138 -0.6185985207557678 -2.0603818893432617 -0.026122519746422768 -0.24417565762996674 -0.2514236867427826 -0.03474493324756622 -0.9876493811607361 1.7267000675201416 -0.49276840686798096 -0.7870475649833679 -0.7622125148773193 1.2755883932113647 0.5395656228065491 -0.7903445363044739 -0.6591309905052185 -2.3149538040161133 0.08360251784324646 0.7884040474891663 -1.6118559837341309 -2.6722006797790527 0.04266868904232979 -0.18258213996887207 -0.3356857895851135 -2.0276143550872803 0.3960355520248413 1.1580290794372559 1.6106243133544922 -0.0909133329987526 0.5624412298202515 -0.3933769166469574 -2.1700010299682617 -1.518612265586853 0.43025654554367065 1.6246565580368042 -0.11497315019369125 0.2657523453235626 -0.924197793006897 -1.5205057859420776 1.1492772102355957 -0.23215696215629578 -1.5029431581497192 -0.07998987287282944 1.0204181671142578 1.0365914106369019 -1.4140210151672363 -0.15436145663261414 -1.7747021913528442 1.325490117073059 0.6548887491226196 0.6333560347557068 -0.6841078996658325 -0.16064918041229248 -1.3948115110397339 1.0041552782058716 1.5647846460342407 0.4411889314651489 1.3683147430419922 -0.7756025195121765 0.19403137266635895 -0.12133003026247025 -0.7233289480209351 -0.10645851492881775 0.6397336721420288 1.4710050821304321 -0.31647029519081116 -0.6914135813713074 1.3337690830230713 1.1569397449493408 -0.6490203142166138 0.7594557404518127 0.9580738544464111 -0.9170739054679871 -1.9994064569473267 -0.7500481605529785 -0.3136516511440277 0.35155996680259705 -1.0688782930374146 -1.534871220588684 0.4414137899875641 -0.933958113193512 -1.2199887037277222 -0.1607307344675064 -1.4282530546188354 1.5530158281326294 -0.2736014425754547 -0.08857811242341995 0.3498879075050354 1.7893214225769043 0.7175281047821045 -1.2038116455078125 0.003708902280777693 0.7333206534385681 -0.43760526180267334 0.2857886254787445 2.0987231731414795 -0.9197525382041931 0.17691941559314728 -0.5618990659713745 0.8915001153945923 -0.05507609248161316 0.14159555733203888 -0.15573319792747498 -0.8544643521308899 0.2817247211933136 2.8029074668884277 0.43409082293510437 -1.5010768175125122 0.28657007217407227 0.5569255948066711 1.2387430667877197 1.4089438915252686 0.8052402138710022 -1.10747230052948 -0.44145357608795166 0.9314032793045044 1.629370093345642 0.2018520087003708 1.8958386182785034 -0.3130524158477783 0.4468815326690674 0.19967585802078247 -0.08201954513788223 0.40755292773246765 0.004968732129782438 -0.6488863825798035 -0.6003162264823914 0.5119096040725708 0.7567841410636902 0.6541121006011963 -0.6717236042022705 -1.088121771812439 1.5965995788574219 1.7885361909866333 -0.1717805415391922 1.6311333179473877
name strafe_left
group locomotion
terms 2
term 1 0 0.8950709998607635 -0.021790940314531326  # head_height > 0.8950709998607635
term 10 0 0.4 0.0  # body_speed_lateral > 0.4  <- GOAL
ess 5098
scaffold 10 0.028026073739805125 2.1942189452274414
hard 1.0 1.0 cem
achieved 0.7122788980874317 1.0943234152775205 0.7715648718046666 0.7101203298997618 0.13014058169304288 0.1844805167805072 0.05280346822674218 0.0913669998903526 0.9372199303162067 0.3105141985215693 2.1942189452274414 2.2165691428106316 -0.05126089356366472 -0.06365030801903061
z 0.4010713994503021 -0.10728355497121811 0.29271960258483887 0.505598247051239 1.2922825813293457 -0.2855851650238037 -0.4500688314437866 -0.9409219622612 1.4741936922073364 1.0110118389129639 -1.5542106628417969 0.3494647741317749 -0.38544249534606934 -0.09176425635814667 -0.9261646866798401 -0.8998226523399353 1.1057360172271729 -0.2462013214826584 -1.019571304321289 2.0065581798553467 -0.2499629706144333 -0.10235515236854553 1.473776936531067 1.9194250106811523 1.352014422416687 0.4855238199234009 -1.8317517042160034 1.4374369382858276 -1.4628005027770996 0.9686679840087891 0.24399018287658691 0.24849893152713776 0.5130064487457275 -1.4002139568328857 0.3025166392326355 -0.6420613527297974 0.5357102155685425 -1.3692355155944824 -0.7998328804969788 -0.3856877386569977 0.6193118095397949 0.0015580030158162117 -0.4544200897216797 0.2242852747440338 0.5706260800361633 0.43678727746009827 1.522247552871704 -0.9804615378379822 0.48369941115379333 -0.6600942015647888 -0.7750993967056274 -1.2856460809707642 -3.2802414894104004 -1.5169517993927002 0.6023631691932678 -0.2508569061756134 -1.6728816032409668 0.5248119831085205 -0.5678800344467163 -1.2116659879684448 1.9051356315612793 -1.0643625259399414 0.4603234529495239 -0.7818816304206848 -0.6264638900756836 -0.4633743464946747 -1.2753944396972656 -0.6731584072113037 0.11432535201311111 -1.0320712327957153 -0.1294277012348175 -1.8190600872039795 1.108069896697998 -0.7557801604270935 -0.7302687764167786 0.4849760830402374 0.20992352068424225 -0.7086799144744873 0.4622126519680023 0.43210911750793457 -0.3861193060874939 -0.5151976346969604 0.04061901569366455 -0.6329501867294312 1.4960381984710693 -0.05206504836678505 -1.8032363653182983 0.6105539202690125 1.058505654335022 -0.16817396879196167 -0.459664523601532 1.2024825811386108 0.8501225113868713 0.8335464000701904 0.34060803055763245 -1.388218879699707 1.3282023668289185 0.45354029536247253 -0.40761950612068176 0.1396361142396927 -1.3035356998443604 0.01753787323832512 -0.45179662108421326 -0.5822772979736328 1.9433435201644897 0.5273962616920471 -0.4714280664920807 0.5224915146827698 -1.676586389541626 0.2750488817691803 -0.761320173740387 -1.7736271619796753 0.13174287974834442 0.29783886671066284 -1.3195135593414307 1.1133173704147339 -0.209270641207695 0.568890392780304 -0.5923049449920654 0.21763691306114197 0.6948254704475403 -0.39329829812049866 -1.0488295555114746 0.72115558385849 0.7440556287765503 -1.0187184810638428 -0.2881757915019989 -0.5001959800720215 0.5550066232681274 0.11618126928806305 -0.16534079611301422 0.42271745204925537 0.0728626623749733 0.9598916172981262 -0.48036500811576843 -0.7591403126716614 -0.7755681276321411 -0.32701393961906433 0.31425511837005615 -0.49253422021865845 -0.7423734068870544 -0.22707056999206543 0.15345498919487 -0.532002329826355 -1.4421013593673706 0.46169018745422363 0.03557275980710983 -0.6553358435630798 -0.07882794737815857 -1.337093472480774 0.6853240132331848 -2.1707534790039063 -3.013665199279785 1.1671116352081299 -0.20733129978179932 -1.0585508346557617 -0.6255335211753845 -1.6347308158874512 -0.39090245962142944 0.6791924238204956 0.8540955185890198 -1.9617834091186523 -0.3755585551261902 0.8856199979782104 0.40611112117767334 -1.214459776878357 0.6464435458183289 0.7658613324165344 -1.6740143299102783 0.28136444091796875 0.5556182265281677 0.8297087550163269 0.05233460292220116 -1.584841012954712 1.2445961236953735 -0.1300032138824463 0.7561357617378235 1.4846123456954956 0.01222953200340271 -0.3911551237106323 -0.5295005440711975 -0.47266003489494324 0.7923538684844971 -0.2518235445022583 0.9446984529495239 -0.9261236786842346 -0.26587095856666565 1.731371283531189 0.07873720675706863 -0.667465329170227 -2.506804943084717 -0.10261347889900208 -0.5188378691673279 -1.3146708011627197 -0.5516625046730042 -0.44577136635780334 -0.6591907143592834 -0.32842621207237244 -1.850245475769043 -0.7493466138839722 -1.0544655323028564 -0.7391104698181152 0.07319929450750351 0.39171102643013 -0.22787807881832123 -0.7879671454429626 -0.9335417747497559 -0.40310192108154297 1.3976792097091675 1.3676683902740479 -1.3127093315124512 0.353550523519516 -1.6378308534622192 -0.34213218092918396 -1.1153446435928345 1.3558470010757446 0.011056086979806423 1.6196255683898926 -1.3031245470046997 1.8303226232528687 -1.2898093461990356 -0.3684923052787781 -1.1938836574554443 -1.1625926494598389 0.4712825417518616 2.584859848022461 -0.7885733842849731 0.8300476670265198 0.6244989037513733 0.30214422941207886 2.3740060329437256 -0.12460153549909592 0.34968867897987366 1.0147947072982788 1.0719757080078125 -0.9113794565200806 0.2266450822353363 -1.2403481006622314 2.0746750831604004 0.6792778372764587 -0.6849627494812012 -0.5282162427902222 0.12192851305007935 -1.7358211278915405 0.07886452227830887 1.2110509872436523 0.9439989328384399 1.0993378162384033 0.03690546751022339 0.09158512204885483 -0.8590686321258545 -2.8815269470214844 -0.10828711092472076 -1.5114096403121948 -0.13806213438510895 0.3173268139362335
name strafe_right
group locomotion
terms 2
term 1 0 0.8950709998607635 -0.021790940314531326  # head_height > 0.8950709998607635
term 10 1 0.0 -0.4  # body_speed_lateral < -0.4  <- GOAL
ess 5428
scaffold 10 0.028026073739805125 -2.207045987790086
hard 1.0 1.0 cem
achieved 0.6835777753064367 1.0615109321679894 0.7830936832310945 0.7277376930404393 0.12782621390195753 0.3324897022013778 0.11069994470978717 0.0441402062324832 0.9260886644771725 0.4643632196126116 -2.207045987790086 2.2559040505167656 0.6047756356039475 -0.008912477195127593
z 0.2576802968978882 -0.2541384696960449 0.0602383092045784 -1.0724194049835205 0.45929279923439026 -0.1661176234483719 0.03045159950852394 0.2145678550004959 0.20052576065063477 -0.5852744579315186 2.2355527877807617 -1.689660906791687 0.4898552894592285 0.8684892058372498 -0.5681720972061157 0.55425626039505 0.34335798025131226 1.8195304870605469 2.0520055294036865 0.060183290392160416 -0.018135735765099525 0.5756610035896301 -0.17380107939243317 -0.48930037021636963 -0.5216317176818848 0.7354016304016113 0.9187682271003723 1.8717408180236816 -0.49852454662323 -1.4491958618164063 0.7263437509536743 -0.2583363354206085 -0.8126974105834961 2.132153034210205 -1.0770436525344849 -0.26141881942749023 -0.9350913166999817 0.16236937046051025 0.5643521547317505 1.8930574655532837 -0.7234058380126953 -1.1548027992248535 -0.2390979826450348 -0.4003637731075287 -0.08323385566473007 -1.1915230751037598 1.4790598154067993 -0.06464912742376328 0.6101178526878357 -0.5106445550918579 -2.9885053634643555 -0.4473119378089905 -0.37238094210624695 1.665649175643921 -0.992333173751831 -0.834467887878418 1.3572889566421509 -1.0669580698013306 -0.12883858382701874 1.0231997966766357 0.8556443452835083 -0.34466394782066345 0.9337038397789001 0.746979832649231 -0.8294786810874939 -0.8631895780563354 -0.8385571837425232 -1.4930009841918945 -0.7912307977676392 1.1799614429473877 1.397712230682373 0.3221461772918701 -1.039133071899414 -0.330793172121048 0.14428003132343292 -0.09627368301153183 0.3854048550128937 -0.02120627835392952 0.5404534935951233 -0.08638743311166763 0.43958985805511475 0.23792533576488495 1.2082186937332153 -1.0005162954330444 -0.32953232526779175 -0.5525468587875366 -2.0512888431549072 -0.08100807666778564 -0.9233468770980835 -0.39999625086784363 -1.7945176362991333 0.45282089710235596 -0.7845958471298218 0.8134515285491943 -0.0766017809510231 0.7503492832183838 -1.7552769184112549 0.3439865708351135 0.6843693852424622 -0.7898203134536743 -0.7242206335067749 0.10229204595088959 0.07531154900789261 -0.38994669914245605 -0.34526658058166504 -0.2511752247810364 0.10586447268724442 -0.17152322828769684 1.3905264139175415 -0.6706998944282532 0.8085552453994751 -0.29378947615623474 -1.013471007347107 -0.4019753336906433 1.5703125 -1.9747059345245361 -0.24640808999538422 0.11341309547424316 1.1126503944396973 1.5114599466323853 0.09301705658435822 1.024775743484497 1.1512402296066284 -0.9960320591926575 -0.5213392376899719 1.5284836292266846 -1.8625473976135254 -0.4721052348613739 -0.7596216201782227 0.23590831458568573 -0.19744235277175903 0.628244161605835 -0.7213685512542725 -0.32913923263549805 -0.6148315072059631 0.8537884950637817 -0.5627078413963318 0.42869430780410767 -1.8666326999664307 -0.681918740272522 0.6273283362388611 0.5150187015533447 0.8714777231216431 0.9474467039108276 1.236209511756897 -0.9529378414154053 -0.8421780467033386 1.6239464282989502 0.04129414260387421 0.27763083577156067 -0.05892074108123779 -1.34737229347229 -0.07331204414367676 0.43374893069267273 -1.7437344789505005 -0.20558691024780273 -0.9481797814369202 0.7639271020889282 -0.1631479263305664 1.6636080741882324 1.1324995756149292 -0.7545127868652344 -0.3081275224685669 -0.340461403131485 -0.49719545245170593 2.0504953861236572 -0.12544988095760345 0.9824202656745911 0.1636272519826889 -0.256894052028656 -0.6910549402236938 -0.42036592960357666 1.62742018699646 -1.4327963590621948 1.2285274267196655 -1.542372465133667 -0.5853521227836609 0.30312031507492065 -0.19272901117801666 -0.32031819224357605 -0.3356499671936035 1.2064663171768188 -0.003857663134112954 0.28682810068130493 0.3625100255012512 0.13106317818164825 0.9882373213768005 -3.4645981788635254 0.41236642003059387 1.7598050832748413 0.990903913974762 0.5802987217903137 -1.3638710975646973 1.1716927289962769 0.4771486520767212 -0.060122326016426086 -0.6905938982963562 2.3271865844726563 0.1078895553946495 -1.7199126482009888 -0.1253868192434311 0.8374350070953369 -0.5752382874488831 -0.16372272372245789 -0.5307796001434326 0.8131417036056519 -3.185882329940796 -0.1586053967475891 -1.6921085119247437 0.8810694813728333 -0.885911226272583 0.5110222101211548 -2.0030882358551025 0.16532957553863525 -0.39469507336616516 -1.068783164024353 0.5501797199249268 -0.8715715408325195 -1.82858407497406 0.23893903195858002 0.6248520016670227 -0.4183388948440552 0.17406965792179108 0.4968293011188507 1.294381022453308 -0.6690880060195923 -3.295132637023926 -0.30922257900238037 -1.52857506275177 -0.2786020338535309 -1.707887053489685 0.083668552339077 0.705818772315979 0.9670259356498718 1.8539249897003174 -0.79689621925354 -0.1723824143409729 1.0047069787979126 -1.1871050596237183 -0.9824951887130737 0.6013123989105225 -0.08060803264379501 0.8128997683525085 0.035228095948696136 -0.032227564603090286 -0.17967882752418518 -1.4430031776428223 -0.6490008234977722 -1.2859065532684326 -0.38399189710617065 0.5711473822593689 -0.16992151737213135 -0.8882400989532471 0.7490977048873901 -0.4722932279109955 -1.2918685674667358
name diagonal
group locomotion
terms 3
term 1 0 0.8950709998607635 -0.021790940314531326  # head_height > 0.8950709998607635
term 9 0 0.3 0.0  # body_speed_forward > 0.3  <- GOAL
term 10 0 0.3 0.0  # body_speed_lateral > 0.3  <- GOAL
ess 3708
scaffold 9 0.5681104852552014 2.249845229686101
hard 1.0 1.0 cem
achieved 0.7113447460919018 1.094875993750948 0.7342984975960638 0.7664980733812682 0.17781233545445513 0.2607435076414434 0.10233866908796319 0.09050562942739572 0.9418238940085374 2.249845229686101 1.7154171151589002 2.8307043478649896 -0.07752064685084467 -0.1496751117974501
z 0.015871915966272354 -0.09920597821474075 -0.1644001454114914 1.6337242126464844 0.12547720968723297 -1.2256499528884888 0.3953194320201874 -0.4140996038913727 2.4750661849975586 1.252771258354187 -0.4803820550441742 0.4175945520401001 0.25027570128440857 0.26764073967933655 -0.779417097568512 -1.2432327270507813 1.1762068271636963 -0.019208399578928947 -1.6680890321731567 1.4843696355819702 -0.9457194805145264 -0.45227664709091187 0.6464319229125977 0.6492741107940674 0.5513949990272522 0.4763639271259308 -2.2730960845947266 2.745072841644287 -0.9799657464027405 0.990003228187561 -0.07187845557928085 -0.7413158416748047 1.097913146018982 -1.6139053106307983 0.9981465339660645 0.40304696559906006 -0.05246840789914131 -0.3716997504234314 -0.8868693709373474 0.4746950566768646 -0.14304614067077637 0.17992299795150757 -0.39222776889801025 -0.07985145598649979 1.8843603134155273 0.5692729353904724 0.8455950021743774 -0.37438854575157166 0.28361091017723083 -0.6172774434089661 -0.5379156470298767 -0.4786134660243988 -2.5841832160949707 -0.8067486882209778 0.09946443140506744 -0.1596079170703888 -0.5976155996322632 0.27258846163749695 -0.18902616202831268 -0.6485149264335632 1.0377401113510132 -1.198783278465271 -0.4670497179031372 -0.4234285354614258 -0.22150398790836334 -0.6751750707626343 -0.26805606484413147 -1.8459268808364868 0.24333128333091736 -0.316167950630188 -0.2484249770641327 -0.9548050165176392 1.5104072093963623 0.23949208855628967 -1.04812753200531 1.6419060230255127 -0.1367579996585846 -0.6576366424560547 0.8529428839683533 0.8923112750053406 -0.6200287938117981 0.3637777864933014 -0.4663194417953491 -0.7046865820884705 0.9695837497711182 0.9134820699691772 -2.379164457321167 0.38030943274497986 1.1412873268127441 -0.8752744197845459 0.7850026488304138 1.7048711776733398 0.34262609481811523 -0.5848760604858398 -0.39787542819976807 -0.577871561050415 0.7453017234802246 -0.44845083355903625 -0.9426089525222778 0.46054649353027344 -1.2745623588562012 0.09323475509881973 -0.43335849046707153 -0.34284141659736633 1.7484909296035767 0.27441591024398804 -0.8126387596130371 0.7464185357093811 -1.3637508153915405 1.0869505405426025 -0.8614010810852051 -2.265733480453491 0.12973052263259888 0.31462445855140686 -1.5078372955322266 1.1765527725219727 -0.2543993592262268 0.3260459899902344 -1.0665528774261475 0.36257073283195496 1.1710954904556274 -0.2953144311904907 -0.3015710413455963 0.28518545627593994 1.2759255170822144 -0.5930888652801514 0.2679018974304199 -1.1310821771621704 1.3176954984664917 -0.41051867604255676 -1.0075969696044922 0.2357330322265625 0.27721884846687317 1.0852314233779907 -0.3523086607456207 -0.6914404630661011 -0.6982322335243225 -0.9056071043014526 -0.2988967299461365 1.0518311262130737 -0.5904653668403625 0.24573807418346405 0.6394698619842529 -0.18103674054145813 -0.9506604671478271 0.17056487500667572 -0.09868042916059494 -0.2961038053035736 -0.10034836828708649 -1.707776427268982 0.9444280862808228 -1.6276217699050903 -2.599681854248047 1.7171680927276611 0.5467192530632019 -1.47213613986969 -0.1549350619316101 -1.4082039594650269 0.08016151934862137 1.1653392314910889 1.1485096216201782 -1.5822445154190063 -0.5873346328735352 0.6882929801940918 0.49880290031433105 -0.5810741186141968 0.7228389382362366 0.1759154349565506 -1.9071972370147705 0.31884336471557617 -0.006008343305438757 0.6535809636116028 -0.41621556878089905 -0.7496471405029297 0.7981615662574768 -0.6716107130050659 1.8274821043014526 1.5818278789520264 -0.7271130084991455 -1.100777506828308 -0.7006196975708008 -0.10742371529340744 1.3912590742111206 0.48863479495048523 1.666876196861267 -0.3385021388530731 -0.18249891698360443 0.536596417427063 -0.5428118109703064 -0.268719345331192 -1.9734761714935303 0.30341383814811707 -0.6948599219322205 -1.1145565509796143 -0.27784135937690735 -0.5048291087150574 -0.9062690138816833 -0.6057656407356262 -2.388312816619873 -1.53519868850708 -1.0144819021224976 -0.2334451526403427 -0.30313345789909363 1.175646185874939 0.049792397767305374 -0.5500282049179077 -0.105401411652565 0.21809498965740204 1.4798442125320435 0.9502679705619812 -1.631832242012024 1.0879299640655518 -1.2702678442001343 -0.33639854192733765 -1.208207607269287 0.6620916724205017 0.3435746431350708 0.7231031656265259 -0.9927178025245667 0.5393768548965454 -1.3667707443237305 -0.3069595396518707 -1.529222011566162 -1.143620491027832 0.913513720035553 2.3970835208892822 -0.22940076887607574 0.28492724895477295 0.46491044759750366 -0.05732017755508423 2.0204882621765137 -0.13794124126434326 -0.12197554111480713 1.7102075815200806 0.3912736475467682 -0.46350762248039246 0.2844119966030121 -1.6953468322753906 1.93221914768219 0.5853540301322937 -0.5247855186462402 -0.29739946126937866 -0.4484010636806488 -1.5605217218399048 -0.11228767037391663 1.1752307415008545 1.635218858718872 1.6078526973724365 -0.34428614377975464 1.798055648803711 -0.998704731464386 -2.730407238006592 -0.2690202593803406 -1.2469221353530884 -0.21625269949436188 -0.5910769104957581
name stand
group posture
terms 3
term 8 0 0.9 0.0  # upright > 0.9
term 1 0 1.1438780725002289 -0.021790940314531326  # head_height > 1.1438780725002289
term 11 1 0.0 0.15  # body_speed < 0.15  <- GOAL
ess 7068
scaffold 11 0.4838033650841303 0.000871653010137785
hard 1.0 1.0 cem
achieved 0.7816334668741399 1.1852983255543543 0.7879453892503057 0.7774614478734312 0.33406236445288573 0.26849852071499336 0.03464868273750732 0.03439495932744006 0.9995128411188684 0.0007689330514448083 -0.000375856588367984 0.000871653010137785 -0.0010708997796994644 0.024140772850809004
z -0.9660547971725464 -0.9854586720466614 0.17381802201271057 0.3653993606567383 -1.1965651512145996 -0.089841328561306 0.467782586812973 0.24648375809192657 -2.80191969871521 0.5268633961677551 -0.809911847114563 -0.09039126336574554 0.7290202379226685 -0.29155758023262024 -0.34342247247695923 1.7915080785751343 0.7366074323654175 0.5647223591804504 0.332087904214859 0.6280967593193054 1.3173924684524536 0.4347972571849823 1.3375134468078613 -0.31137868762016296 0.493091881275177 0.03250541910529137 0.1004464402794838 0.9049631953239441 0.9783430695533752 -0.5641834735870361 -0.36814597249031067 -1.458248257637024 -0.5671060085296631 -1.4194313287734985 -0.03597880154848099 1.1815824508666992 0.9615678191184998 0.6268582344055176 -1.1112347841262817 0.5580309629440308 -0.7416836023330688 0.37253227829933167 1.2742232084274292 -1.111275315284729 -0.19942869246006012 0.9873188138008118 2.4345693588256836 -0.1816738247871399 0.08571123331785202 -1.6856681108474731 0.010527904145419598 -1.3261947631835938 -1.1299965381622314 1.3584134578704834 1.2530955076217651 0.1548616588115692 -1.7122859954833984 -1.2266119718551636 0.8693345189094543 1.8299001455307007 -0.7188444137573242 -1.032830834388733 -0.3157106935977936 0.16126978397369385 -0.20740218460559845 -0.19206982851028442 -1.0075346231460571 -0.05372406542301178 -2.4849934577941895 -0.42860013246536255 -0.48499423265457153 0.8338456153869629 -1.919744849205017 2.171241044998169 -0.5279971361160278 -0.6897945404052734 1.1484308242797852 -1.125181794166565 0.9676185250282288 -0.8404999375343323 -0.42970705032348633 -0.3064011335372925 1.6382057666778564 0.3570259213447571 -1.389872670173645 -0.3784913420677185 -0.5360385179519653 0.27410688996315 -2.122288703918457 0.40052276849746704 0.07609479129314423 0.5888698101043701 -0.17758145928382874 0.4948607087135315 -0.6761053204536438 0.41382160782814026 0.9636279344558716 2.058898448944092 -0.40802282094955444 1.3691009283065796 -0.3878120481967926 -2.0517661571502686 -1.371169924736023 -0.8190223574638367 0.21286378800868988 1.406529426574707 0.2245410680770874 -1.3041167259216309 -0.8130207657814026 0.2741682827472687 -0.6290672421455383 0.9899897575378418 0.6635622382164001 -0.4478503465652466 -0.296335369348526 -0.21027423441410065 1.6650886535644531 -0.13964441418647766 -0.11649806797504425 0.4493318796157837 0.2456001341342926 -0.3509121835231781 -0.551539957523346 0.589080274105072 1.1026252508163452 -0.7391719222068787 -0.03778032213449478 -1.737709879875183 0.15556128323078156 -1.0454432964324951 0.21338599920272827 0.1929694265127182 0.02538338676095009 0.8630108833312988 0.5895587205886841 -0.278991162776947 -2.090834379196167 -0.02301955223083496 1.0489037036895752 -0.8613695502281189 1.4070696830749512 0.084923155605793 0.8419862389564514 2.0886504650115967 0.3527599275112152 -0.47533169388771057 -0.1513890027999878 -0.019743850454688072 2.3014988899230957 1.0894020795822144 0.5656955242156982 -1.822062373161316 -1.7820885181427002 -0.38775014877319336 0.9954314231872559 0.7767460346221924 -0.8113813996315002 0.005685530602931976 -0.6292375922203064 0.3040127158164978 0.4295603036880493 -1.1518113613128662 -1.6651297807693481 1.7257239818572998 0.12926681339740753 -0.48610684275627136 -0.5479417443275452 0.6746136546134949 0.28550586104393005 0.24145880341529846 0.7954555749893188 -0.7437936663627625 -0.3237510919570923 0.4629243314266205 0.8658431768417358 0.26188820600509644 0.18347729742527008 1.7411301136016846 0.7643852233886719 1.5308338403701782 -0.268667072057724 -0.7602940201759338 1.8752750158309937 1.1193088293075562 0.5043240189552307 1.6181665658950806 -0.025969402864575386 -0.1879899650812149 -0.6404784321784973 0.7169502973556519 -0.39353325963020325 1.8991773128509521 -1.7012670040130615 -0.5918405055999756 -0.5794836282730103 0.3379192650318146 0.027788378298282623 -1.588695764541626 -0.35965999960899353 -0.07557213306427002 0.19165049493312836 0.8264794945716858 -0.1301364153623581 0.3875536620616913 1.3228049278259277 -1.7684613466262817 -0.5082409381866455 -1.8655884265899658 -0.31981024146080017 1.1350178718566895 -1.3402003049850464 1.7150734663009644 0.954413890838623 -0.5854219794273376 1.1140979528427124 -0.4076477289199829 2.7666659355163574 0.1120687946677208 -0.6513885855674744 -0.9581875801086426 0.06802810728549957 2.2279415130615234 -0.4275381863117218 -1.1009271144866943 -0.1907128244638443 0.6960915327072144 -1.845202088356018 1.5661170482635498 -1.7723488807678223 -0.819573163986206 0.41924601793289185 1.5099385976791382 0.2041376382112503 -0.4089190363883972 0.9198034405708313 1.040650725364685 -0.2440551519393921 0.7987516522407532 -0.10195762664079666 -0.506052553653717 -0.2687458395957947 1.0715575218200684 -0.7292201519012451 0.2331065535545349 0.7214286923408508 1.108215570449829 -1.1816771030426025 -1.9555782079696655 0.30646416544914246 0.2472081184387207 0.0002850714372470975 0.8259649872779846 1.18366539478302 0.4105204939842224 0.2687772512435913 -1.1831731796264648
name squat
group posture
terms 3
term 8 0 0.9 0.0  # upright > 0.9
term 11 1 0.0 0.3  # body_speed < 0.3
term 0 2 0.4 0.62  # 0.4 < body_height < 0.62  <- GOAL
ess 140
scaffold 0 0.7824488619856304 0.48844942352095844
hard 1.0 1.0 cem
achieved 0.48844942352095844 0.8894981751306226 0.6685860788945006 0.6671405543812831 0.0906764860812161 0.1861005456719425 0.034474100999034404 0.03693298020582045 0.9956775512918051 -0.002548424534647815 -0.002113926163726648 0.003312708905923512 0.004231932262673706 -0.06990023610366898
z 0.3897670805454254 2.533007860183716 0.3164481222629547 0.8478412628173828 -0.11993835866451263 0.14951522648334503 -2.326120376586914 -0.8152432441711426 -1.8728933334350586 -0.7285982966423035 1.2750824689865112 -0.2730161249637604 -0.6435110569000244 -0.1865285038948059 0.14761239290237427 0.7145587801933289 0.9718271493911743 2.0978951454162598 0.024660293012857437 0.22979804873466492 0.9915915727615356 0.38732412457466125 0.13963468372821808 0.8881609439849854 -0.15818268060684204 1.6939361095428467 0.34138023853302 0.3881094753742218 0.5001103281974792 0.576911211013794 -0.2925449311733246 0.4183669984340668 0.2580471336841583 -0.3901815116405487 0.7938041090965271 0.09230613708496094 -0.2893843650817871 -1.2788448333740234 -1.8626946210861206 0.4381543695926666 -1.7744007110595703 1.9519373178482056 0.3376731276512146 1.255219578742981 0.8295348882675171 0.20353573560714722 -0.9038708209991455 -0.44967272877693176 -1.2083935737609863 -0.38076338171958923 -0.8640050888061523 -1.034607172012329 1.378063678741455 -0.8801649808883667 0.06869532912969589 -0.246658056974411 -0.5717638731002808 0.05804875120520592 -1.246550440788269 1.5334713459014893 1.8299521207809448 0.44370484352111816 1.0443857908248901 -0.5595302581787109 -1.3007603883743286 1.061480164527893 0.12102966755628586 -1.391274333000183 2.131024122238159 0.15837505459785461 -0.7888137698173523 0.6768638491630554 -2.4987576007843018 -0.3214404284954071 0.7399083375930786 -0.546574592590332 -1.4505327939987183 0.13777999579906464 -0.5936474800109863 -0.9315870404243469 0.1999523639678955 -0.23778143525123596 0.552557647228241 -0.9108118414878845 -0.4642755687236786 -0.6464974880218506 -0.9897072315216064 0.12008674442768097 2.2531425952911377 -0.7482907772064209 -0.04299617558717728 1.6672459840774536 -0.7472018003463745 -0.4913831353187561 0.5096516609191895 -2.2195780277252197 -0.4971468150615692 0.3370882272720337 0.15798433125019073 0.5786501169204712 -1.3305718898773193 0.4517657458782196 1.5631827116012573 -1.5435999631881714 0.6759864091873169 0.6682131886482239 -0.01589406467974186 1.4357348680496216 -0.8009416460990906 -1.6331037282943726 0.08572553098201752 -2.077127456665039 -0.06727559119462967 1.1451845169067383 0.07305609434843063 -1.2402044534683228 0.28528136014938354 -0.6318814754486084 -0.17585870623588562 1.7987619638442993 -1.0106123685836792 -0.5170802474021912 0.7609385848045349 2.0695550441741943 0.6132838129997253 2.61887526512146 -1.2194430828094482 0.035740964114665985 1.1408227682113647 0.25378671288490295 -0.4912843108177185 -1.1250051259994507 0.2468021661043167 -0.5347662568092346 -0.7406110167503357 -0.1880493313074112 0.7967440485954285 0.7880347967147827 -0.711372971534729 -1.6213797330856323 -0.7224202156066895 0.6366751194000244 -0.3309211730957031 -0.11530229449272156 -1.3029372692108154 0.4040076732635498 -0.3402043282985687 -0.5365321040153503 -1.2736010551452637 -0.6670066714286804 1.0122841596603394 1.4458749294281006 0.30527061223983765 -0.08916079998016357 0.5406715273857117 0.5779399275779724 -0.7660149931907654 -1.612806797027588 -0.38975098729133606 1.9048192501068115 0.4221065640449524 -0.02936539612710476 -0.3972662091255188 -0.19874200224876404 -0.16841265559196472 -0.38269421458244324 -0.2958124279975891 0.2969459295272827 -1.3690264225006104 -1.0023815631866455 -0.2250855416059494 0.3623617887496948 -0.05378319323062897 0.6518651247024536 -0.7841999530792236 1.6298757791519165 0.5815587043762207 -0.017120685428380966 -0.3445604741573334 0.5339340567588806 -0.2157849669456482 1.1532574892044067 -0.5304819941520691 0.7300931811332703 0.1270032525062561 -0.8120057582855225 0.07360342890024185 -1.6521058082580566 0.434895783662796 0.12988141179084778 -1.6245739459991455 -0.5590075254440308 -0.7135254740715027 0.7118338346481323 -0.33399102091789246 0.8150248527526855 0.3537810146808624 -1.5593429803848267 -0.6828228831291199 -0.16937385499477386 1.9833589792251587 -0.8057643175125122 0.4203351140022278 -0.008908234536647797 -1.201452612876892 0.5124512314796448 -2.513507843017578 1.930096983909607 0.5291932225227356 -0.8637222051620483 0.5877933502197266 -1.2819137573242188 0.38283541798591614 -0.25580906867980957 0.26934072375297546 -0.28625187277793884 -0.2824554443359375 0.35453128814697266 0.315080851316452 -0.23907551169395447 -1.084442377090454 -0.47878310084342957 0.2897340953350067 0.25360703468322754 -0.6975523829460144 -0.28783631324768066 -2.170746088027954 0.3162875175476074 -0.06921227276325226 -0.8023281097412109 0.2914830446243286 -0.8133732676506042 0.33370164036750793 0.6348885893821716 -0.763633131980896 -0.2865317165851593 -0.6653992533683777 0.7901470065116882 2.0904664993286133 -0.36290687322616577 -1.9781743288040161 -1.355130672454834 -1.8960281610488892 -1.2324790954589844 1.4024735689163208 -1.3720295429229736 -1.995431661605835 1.5254749059677124 -0.4709217846393585 0.3793054521083832 3.056556224822998 0.014487387612462044 1.384248971939087 0.2639000117778778 0.32597917318344116 0.5187788009643555
name crouch
group posture
terms 3
term 8 0 0.9 0.0  # upright > 0.9
term 11 1 0.0 0.3  # body_speed < 0.3
term 0 2 0.62 0.72  # 0.62 < body_height < 0.72  <- GOAL
ess 1059
scaffold 0 0.7824488619856304 0.603685661716692
hard 0.0 1.0 cem
achieved 0.6488548174532993 1.0435969061690948 0.8732846147933241 0.8343617877625793 0.09059982495278347 0.17202998263528374 0.03963003953639649 0.038810301649667055 0.9876293272521239 -0.012551265839366494 -0.010470156093885585 0.01640537147723983 0.13946006059951666 -0.05035552855894472
z -0.7532919049263 1.3077573776245117 0.33173418045043945 -0.12204865366220474 0.4830757677555084 -0.7545812129974365 -1.9712562561035156 -0.6965953707695007 -0.9917200803756714 0.1254369169473648 -0.45845386385917664 -2.0425825119018555 0.23500867187976837 0.3424403667449951 -0.3035742938518524 1.3308041095733643 -0.7598053812980652 1.682274341583252 -1.0543993711471558 0.9312416315078735 0.04615135118365288 0.8243021368980408 0.32951775193214417 1.5801502466201782 -0.7614794373512268 0.7022169828414917 -1.51278555393219 0.5398382544517517 -0.041799236088991165 0.7335634231567383 0.5276428461074829 -0.3231789767742157 1.2712149620056152 -0.30599772930145264 1.7498886585235596 -0.5061699151992798 -0.3656443655490875 -0.7625839710235596 0.09267400950193405 1.1014817953109741 -0.5878593325614929 1.3295807838439941 -0.27518028020858765 0.997912585735321 -0.0880870595574379 -0.26242774724960327 -0.06620931625366211 0.4419742524623871 0.016827775165438652 1.4564590454101563 -2.0486528873443604 -1.2764670848846436 -1.1743055582046509 -0.9536861777305603 -0.23588471114635468 -0.7835354208946228 -1.623929738998413 -0.6470999717712402 0.7301583886146545 0.5041579008102417 1.4124590158462524 1.2527978420257568 -1.9707049131393433 0.07663168758153915 -1.7145408391952515 -0.7539072632789612 0.20966699719429016 -1.6000040769577026 1.5064102411270142 0.27319201827049255 -0.43549609184265137 -0.6078299880027771 -1.5028563737869263 -1.2880570888519287 0.9864103198051453 -1.7037938833236694 -0.46883225440979004 -0.0029334111604839563 0.26973026990890503 -0.24668562412261963 0.3862678110599518 -0.2186623215675354 2.0025713443756104 -0.2331719547510147 -0.3663383722305298 0.27965065836906433 -2.4354424476623535 0.8025245666503906 -0.09363918006420135 0.2275121659040451 -0.5399858355522156 -0.3927764892578125 0.4952910840511322 0.0818457379937172 1.3435628414154053 -0.35604697465896606 -0.7981460690498352 1.7294447422027588 -0.14898677170276642 -0.24489499628543854 -0.6748402714729309 -0.5405994653701782 1.062142014503479 0.17280127108097076 0.7235756516456604 -0.13625183701515198 1.7379766702651978 -1.1262025833129883 -0.15218369662761688 -0.8452621698379517 1.1400889158248901 -1.5518972873687744 -0.7947297692298889 -0.06498842686414719 -0.09682955592870712 -0.29014697670936584 0.02644023671746254 0.44067904353141785 -0.11796174943447113 0.9253472089767456 1.3383045196533203 -0.12510168552398682 0.6112903952598572 -0.08217086642980576 0.08212541788816452 -0.22852912545204163 -0.277281254529953 -1.4191468954086304 1.231331467628479 -1.57931387424469 -0.056996095925569534 -1.1904206275939941 0.4705505669116974 -0.5396584868431091 -0.4068998694419861 -0.7351385354995728 -0.1456281691789627 1.4569131135940552 -0.5380300283432007 -2.1734800338745117 -0.35294267535209656 -0.13965153694152832 1.6530232429504395 -0.04097782075405121 -0.41625967621803284 -0.6480735540390015 -1.2629057168960571 -0.47582024335861206 -1.2440341711044312 0.3193282186985016 0.4969916045665741 0.7430394887924194 -0.9933583736419678 -1.760488748550415 -0.4500921964645386 -0.3216796815395355 -0.4600074887275696 -0.31549975275993347 -0.5652046203613281 1.2730767726898193 1.4062224626541138 -0.45992201566696167 0.7672873735427856 0.23659653961658478 0.5236567854881287 -0.2346610724925995 -1.1428046226501465 -0.6011831760406494 -0.809637188911438 -1.1335426568984985 1.0698176622390747 -0.4937734603881836 -1.3368228673934937 0.5364281535148621 1.1377135515213013 -0.6681839823722839 -0.8012417554855347 0.3486129641532898 -0.8744762539863586 1.2002098560333252 0.09948372095823288 0.4143003225326538 -0.042555149644613266 -0.7412808537483215 -0.18945087492465973 -2.585080146789551 0.8257701396942139 -2.3129172325134277 1.2292174100875854 -0.1227593943476677 -1.2720584869384766 -0.09163638204336166 0.03307276591658592 0.13419562578201294 -0.7969782948493958 0.4170854389667511 -0.6975163221359253 -1.0933400392532349 -1.0255799293518066 -0.062044739723205566 1.2972168922424316 0.05341574549674988 0.4012511968612671 0.17692631483078003 -0.684371829032898 -0.8191971182823181 -2.3327414989471436 1.6163312196731567 0.07445109635591507 -0.5398589372634888 -0.5523954033851624 -1.2658860683441162 0.0031529623083770275 -0.5317410826683044 -1.026023268699646 -0.8623509407043457 0.12910926342010498 1.5423290729522705 -0.1908278912305832 0.5901867747306824 0.18852581083774567 1.864075779914856 -0.6680055856704712 1.1867835521697998 1.4486422538757324 0.0816417932510376 -2.259890556335449 1.3947138786315918 -2.559957981109619 -0.7922902703285217 2.3352534770965576 -0.7870293855667114 0.00112399912904948 0.276368111371994 0.5499260425567627 0.09366457909345627 -1.0819369554519653 0.8288741707801819 2.369690179824829 0.14930473268032074 -2.0202713012695313 -2.029492139816284 -0.9347042441368103 -0.1765330731868744 -0.772651731967926 -1.1549426317214966 -1.8110220432281494 0.8245821595191956 -0.5827688574790955 0.29864931106567383 1.3897303342819214 -0.98167484998703 1.4799813032150269 2.342362642288208 0.07902944087982178 -0.2594924867153168
name right_hand_up
group arms
terms 5
term 8 0 0.9 0.0  # upright > 0.9
term 1 0 1.1438780725002289 -0.021790940314531326  # head_height > 1.1438780725002289
term 11 1 0.0 0.3  # body_speed < 0.3
term 3 0 0.9226659834384918 -0.04302695393562317  # right_hand_height > 0.9226659834384918  <- GOAL
term 2 1 -0.054704733192920685 0.7472686171531677  # left_hand_height < 0.7472686171531677  <- GOAL
ess 233
scaffold 3 0.7590433474642019 1.1913972188213027
hard 0.0 1.0 cem
achieved 0.7682352139518455 1.170459205432116 0.681945696629781 1.20272016383647 0.18151520529090717 0.1653518580513356 0.053389666534293764 0.03625922201409574 0.9959431883353996 0.0715882634917536 0.029594579158841748 0.07883483439352935 -0.028236316800114812 0.058975270468746975
z -0.502761721611023 -0.5423136949539185 -1.016228437423706 -0.0993848666548729 0.018850617110729218 0.8229348063468933 -2.784288167953491 0.12519311904907227 -0.8214826583862305 -0.5660465359687805 -0.45436233282089233 -0.7329050302505493 -0.21929916739463806 1.2523752450942993 0.09435539692640305 -0.31574490666389465 0.17385835945606232 0.28573372960090637 1.5910439491271973 0.3467363119125366 -1.1941108703613281 -0.15807215869426727 -1.0729717016220093 -0.4712410867214203 -1.7631067037582397 0.5124214291572571 -0.961563766002655 0.2774169147014618 1.3180478811264038 -1.2269208431243896 0.5482439398765564 -0.6101822853088379 0.42868557572364807 -1.8484926223754883 1.9718154668807983 0.03424196317791939 -0.49263298511505127 -0.9671622514724731 -0.6406182646751404 1.2030973434448242 0.36833104491233826 0.49732956290245056 0.26439452171325684 -0.99233478307724 0.5075545310974121 1.7606148719787598 0.3757011592388153 -1.3877763748168945 -2.2211170196533203 -0.08205414563417435 -0.030054599046707153 -1.0911740064620972 -1.0879361629486084 -1.4446897506713867 0.21327489614486694 -0.011061953380703926 0.06654872745275497 -1.0722105503082275 -1.2988406419754028 -0.5071821808815002 1.8291257619857788 1.1369469165802002 -0.5008801817893982 -0.010237406939268112 -0.7300788164138794 -0.10991255939006805 -0.7974855899810791 -1.1725589036941528 -0.47611120343208313 -0.46126195788383484 -0.3321598470211029 0.3765023946762085 1.1139843463897705 0.23700512945652008 0.49658817052841187 0.9682265520095825 1.4193624258041382 0.5885840058326721 0.357236385345459 0.03257524222135544 1.1548930406570435 -2.0915346145629883 0.6199865937232971 1.421678066253662 0.4562724530696869 -1.1802330017089844 -2.434781074523926 -0.25906187295913696 0.35692742466926575 -1.577389121055603 -1.076871395111084 0.5148221254348755 0.20518988370895386 -0.2731258273124695 0.9383490085601807 1.205170750617981 0.5277438759803772 2.071955442428589 1.7842013835906982 -0.02908238023519516 -0.4172537624835968 -0.4800666868686676 0.8227877020835876 -1.093641757965088 -1.4648040533065796 0.14564333856105804 0.7479344606399536 -0.699131190776825 -1.3950564861297607 0.8576231002807617 -1.262113332748413 0.994783341884613 0.0053848689422011375 -1.6744376420974731 -0.4752446711063385 -1.8687630891799927 -0.2491168975830078 -0.6174895763397217 -0.5760756134986877 -0.7984207272529602 1.0077210664749146 0.7798135280609131 -0.6674196124076843 -0.26502493023872375 -0.4441743791103363 -0.319909930229187 0.4125858545303345 1.0183870792388916 1.6784019470214844 -1.208413004875183 1.0880331993103027 -1.2005462646484375 -0.6166597008705139 0.908543586730957 -1.489174485206604 1.4255865812301636 -1.4333291053771973 -1.9894963502883911 0.20220276713371277 -0.41250211000442505 0.3873603641986847 0.5534471869468689 0.2047969251871109 0.020499160513281822 2.4299838542938232 -1.1618512868881226 0.38426610827445984 -1.1860816478729248 -0.4753759205341339 0.620898425579071 -1.106504201889038 -1.4260705709457397 -1.3563228845596313 0.4772002100944519 0.12887269258499146 -0.7517370581626892 -0.3503626585006714 0.8494179844856262 0.6999040842056274 0.9815773963928223 -0.7872765064239502 0.551028311252594 -1.859290361404419 1.206647276878357 0.9068465232849121 -0.19633617997169495 0.8575672507286072 0.005208543036133051 0.8282878398895264 -1.3836389780044556 -0.9310550689697266 0.2713879942893982 0.6424857378005981 0.4275583326816559 0.3178730010986328 1.4663515090942383 -0.020063050091266632 0.7212283611297607 0.1070050522685051 1.1458280086517334 -0.5961998701095581 -0.5935596227645874 0.7065275311470032 1.2489454746246338 0.46399375796318054 0.19270315766334534 0.5013390183448792 -0.8525491952896118 -1.015442967414856 -0.131159707903862 0.05341868847608566 1.8005434274673462 -0.16472642123699188 -1.124796748161316 1.6179500818252563 -1.4416437149047852 0.18123599886894226 1.8838332891464233 -1.129518747329712 -0.7877046465873718 -0.4572242498397827 0.10899070650339127 -0.8776922821998596 -2.0683135986328125 0.9895126819610596 -0.8998388051986694 -0.26106345653533936 0.10897478461265564 -1.3665753602981567 0.6847583651542664 -0.19658981263637543 -0.9449348449707031 -0.3054312765598297 -0.18945881724357605 0.515426516532898 -1.1696884632110596 0.3766714334487915 1.6093071699142456 -0.24194274842739105 -0.2908926010131836 0.41133224964141846 -0.7356760501861572 1.740419626235962 -1.1013340950012207 1.2895421981811523 -0.9811845421791077 -0.34813550114631653 1.314018726348877 -0.08713825792074203 0.0023654773831367493 0.28790202736854553 1.5812733173370361 0.5164652466773987 1.0860563516616821 1.9501136541366577 1.6591579914093018 -0.17225338518619537 1.1859811544418335 -0.40245360136032104 0.7145184874534607 -0.08384443074464798 1.2718018293380737 0.08775195479393005 0.3146016299724579 -0.48845168948173523 3.2664198875427246 -0.9601113200187683 -1.1146224737167358 -1.3840141296386719 -0.6343950033187866 1.296179175376892 0.2661191523075104 0.972882866859436 0.7176668643951416 -0.9069210290908813 -1.6832929849624634
name left_hand_up
group arms
terms 5
term 8 0 0.9 0.0  # upright > 0.9
term 1 0 1.1438780725002289 -0.021790940314531326  # head_height > 1.1438780725002289
term 11 1 0.0 0.3  # body_speed < 0.3
term 2 0 0.9282553344964981 -0.054704733192920685  # left_hand_height > 0.9282553344964981  <- GOAL
term 3 1 -0.04302695393562317 0.7361982464790344  # right_hand_height < 0.7361982464790344  <- GOAL
ess 119
scaffold 2 0.7642447726298124 1.1052812033905166
hard 1.0 1.0 cem
achieved 0.7674048530330164 1.1686518400300447 1.1052812033905166 0.6980307201996998 0.08576479462048464 0.23506287916038296 0.034549859275078997 0.03428690836935979 0.9946265217947893 -0.018298251487917964 -0.008732130213988162 0.020278062506822365 0.02283956432484449 0.009045739171239917
z -2.38568115234375 -0.2378649264574051 0.2511332035064697 -0.5264065861701965 -0.5210855007171631 0.1517355591058731 0.18789562582969666 0.840832531452179 -1.0188595056533813 -0.7449907064437866 -2.2532429695129395 0.38725435733795166 -0.07243691384792328 0.63630610704422 -1.379249930381775 1.1572610139846802 -0.4138624966144562 -0.03973968327045441 0.2705327570438385 1.6757118701934814 1.3866572380065918 0.5859788060188293 -0.23898039758205414 0.2927055358886719 0.6494460105895996 0.828648567199707 0.6509287357330322 1.2799072265625 -0.04756757616996765 -0.43885737657546997 -1.3972364664077759 -1.7545830011367798 0.15807878971099854 0.9644979238510132 -0.8258954286575317 0.3828051686286926 -0.8178207278251648 -0.3144124150276184 0.035564158111810684 1.3933864831924438 0.03344542533159256 -0.09495710581541061 -0.7378482818603516 -0.2434960901737213 -0.21690478920936584 -1.209730863571167 0.8442112803459167 -1.4553214311599731 -1.3868682384490967 -0.3918766379356384 -0.27647218108177185 -0.5567861199378967 -0.5976822376251221 2.3059873580932617 1.2619227170944214 0.714663565158844 1.1409295797348022 0.921891987323761 1.6194682121276855 1.478424072265625 -1.3912410736083984 -1.4521257877349854 -1.3975948095321655 -0.316489040851593 -0.048599161207675934 0.2920878529548645 -1.6467864513397217 -0.4217045307159424 0.9077652096748352 -1.2135089635849 0.21064424514770508 -1.6222039461135864 0.24453748762607574 -0.19584164023399353 0.47010737657546997 -0.1951291561126709 0.2047412097454071 -1.2056522369384766 0.25057998299598694 0.14944426715373993 0.4086557626724243 0.9606583714485168 -0.4183335602283478 -0.04909158870577812 -0.7262574434280396 -0.19484975934028625 1.5912060737609863 0.5080578327178955 -1.5728552341461182 -0.34523269534111023 -0.06513175368309021 2.8975183963775635 0.7148339152336121 0.8611434698104858 -2.138091564178467 -2.0131630897521973 0.00973787996917963 0.7842302918434143 -1.0059400796890259 -0.684352457523346 -0.47884753346443176 0.27579766511917114 -0.6086871027946472 -1.007468342781067 1.1101326942443848 0.22957412898540497 1.4156138896942139 0.17062081396579742 1.3083888292312622 0.005974471569061279 -0.7877938151359558 -0.18059329688549042 -0.05154775455594063 -0.3724115490913391 0.6711378693580627 2.572392702102661 -0.23958805203437805 -0.012139642611145973 -0.3459225296974182 0.1844460517168045 0.14599882066249847 -0.821216344833374 0.9691236615180969 -2.0764262676239014 0.8824949264526367 -0.5879800319671631 1.4970036745071411 -0.6717829704284668 -1.9756181240081787 -0.8267505168914795 -1.2750486135482788 0.17683574557304382 -0.43889543414115906 0.767600953578949 0.23434504866600037 -0.6806832551956177 0.24530597031116486 -0.18896649777889252 0.15827450156211853 -0.5398589968681335 0.6209142208099365 -1.1999788284301758 2.2915868759155273 -0.3720204532146454 -1.3415648937225342 0.9163045883178711 -1.1826080083847046 -1.2807865142822266 -1.666170597076416 -1.0234979391098022 1.3813331127166748 -1.6328860521316528 0.9317274689674377 -1.4644832611083984 -0.4093727469444275 0.14676302671432495 -1.196544885635376 1.8600870370864868 -0.8253176808357239 -0.5226619839668274 -0.29082396626472473 -1.6037784814834595 -1.548504114151001 -1.503401756286621 0.33005356788635254 -0.25802263617515564 -0.47150522470474243 -0.7647635340690613 1.961106300354004 0.6147506833076477 -0.7730441689491272 -0.5980411767959595 -0.10267860442399979 -0.9792583584785461 0.6576301455497742 -0.3526668846607208 0.47012749314308167 1.7425631284713745 1.5662617683410645 0.6915844082832336 -0.05094146355986595 -0.7901066541671753 0.27813777327537537 1.2563813924789429 0.5668186545372009 -0.7444738149642944 0.5903831124305725 -1.2493845224380493 2.7002978324890137 0.43133339285850525 0.6499967575073242 0.8202827572822571 0.5397987961769104 -1.0700303316116333 -1.4798004627227783 -0.7435840368270874 -1.157504916191101 -0.7162112593650818 -0.4583934545516968 2.2859323024749756 0.2762471139431 0.5633311867713928 0.006129242014139891 1.8900632858276367 0.7447190880775452 0.27011504769325256 -0.5954477787017822 -1.8956154584884644 -1.3143213987350464 -0.4378592073917389 0.24263902008533478 -0.48832768201828003 -0.3672977685928345 0.23260319232940674 -0.15659663081169128 -0.33091410994529724 0.43150556087493896 -0.793106734752655 -1.0566602945327759 1.095418930053711 0.9565420150756836 0.7216482758522034 -0.835270881652832 0.22207589447498322 -1.2621517181396484 0.8490809202194214 -1.1576080322265625 0.275884747505188 -1.1292698383331299 -0.08914688974618912 -0.6547229290008545 -1.1216086149215698 1.1737862825393677 -0.2793615460395813 0.8371145725250244 -0.12591427564620972 0.0476369634270668 -0.7193611264228821 1.5546343326568604 -1.4547243118286133 -0.5722901225090027 -0.39543187618255615 -0.6376936435699463 0.5406594276428223 0.4774533212184906 0.3657383918762207 -1.5289591550827026 -1.5751535892486572 0.034112900495529175 -0.7310307621955872 0.17030954360961914 -1.5740749835968018 -1.5495495796203613 1.592811942100525 -0.27986204624176025 0.6506850123405457
name both_hands_up
group arms
terms 5
term 8 0 0.9 0.0  # upright > 0.9
term 1 0 1.1438780725002289 -0.021790940314531326  # head_height > 1.1438780725002289
term 11 1 0.0 0.3  # body_speed < 0.3
term 2 0 0.8802454471588135 -0.054704733192920685  # left_hand_height > 0.8802454471588135  <- GOAL
term 3 0 0.8652308061718941 -0.04302695393562317  # right_hand_height > 0.8652308061718941  <- GOAL
ess 2293
scaffold 2 0.7642447726298124 1.1398963314725865
hard 0.8 1.0 cem
achieved 0.7783163484468342 1.1820912445146186 1.1397514744047876 1.0709905901152124 0.4759519886888812 0.4934234243250587 0.03459706326553077 0.03422463285383592 0.9997808739124838 -0.03259422923323748 0.0028344763957277013 0.03309221857060786 -0.030404326565067752 0.0351071629807666
z -0.4936063885688782 0.281453937292099 -1.005553960800171 -0.7648541927337646 0.8723815083503723 -1.0117772817611694 0.8790731430053711 0.1490173190832138 -1.942233920097351 0.6852176189422607 -1.0882222652435303 -0.898687481880188 0.504571795463562 -0.6863616108894348 -0.3028500974178314 0.46099531650543213 0.03276634216308594 -0.624751091003418 0.3399960398674011 -0.3013131022453308 0.8511447906494141 0.7409820556640625 0.3505809009075165 -0.2836573123931885 1.3496671915054321 1.0566023588180542 0.7616833448410034 1.5216766595840454 -0.3403233587741852 -1.2488583326339722 -0.5441241264343262 -0.8212160468101501 -0.9684229493141174 -0.2834867835044861 -0.0902075469493866 2.194782018661499 1.1628185510635376 0.07046698033809662 -2.367943048477173 1.1456139087677002 -0.8796942234039307 -0.9251722097396851 0.19312681257724762 -1.509440541267395 0.905224084854126 0.011834687553346157 2.2142157554626465 -0.5107285976409912 -1.247599720954895 -1.254637360572815 1.1235135793685913 -1.3146957159042358 0.3242189288139343 1.057200312614441 2.5060667991638184 1.1724646091461182 -0.5079264640808105 -1.2157719135284424 -1.0600370168685913 1.7555577754974365 0.8502410054206848 0.44571584463119507 -0.6702776551246643 1.4021681547164917 -2.3826959133148193 0.914204478263855 -0.7677369117736816 -0.5650507211685181 -0.21565836668014526 -0.10611201822757721 -0.08824146538972855 0.6896274089813232 -0.5916830897331238 0.3970094323158264 0.007479640655219555 -0.21379347145557404 2.389617919921875 -0.8860988616943359 0.27661222219467163 -0.689523458480835 -0.5045491456985474 2.4268710613250732 0.35892876982688904 0.21044470369815826 -0.32888591289520264 -0.930696427822113 0.33974727988243103 0.9004348516464233 -0.2461574226617813 -0.16424672305583954 1.3547687530517578 0.5308510661125183 1.0708999633789063 0.2578722834587097 -0.11059191823005676 0.7847458720207214 0.8953389525413513 0.18752416968345642 -0.2348315566778183 0.4002433717250824 -0.5813213586807251 -1.586970567703247 -1.203885555267334 -0.00934374425560236 -0.8495115637779236 0.5975325703620911 0.13140985369682312 -0.222693532705307 -2.0517797470092773 1.6285591125488281 -0.7670934796333313 -0.5739601254463196 0.49514535069465637 0.5851181745529175 -0.5590267777442932 0.4079369902610779 0.7264025211334229 -0.5214899182319641 0.01818663440644741 0.5352563261985779 1.5583727359771729 -0.06526290625333786 0.7758491635322571 -0.3196488320827484 1.1616172790527344 -0.6600305438041687 0.09518450498580933 1.3265005350112915 0.06037050113081932 -0.8812131285667419 0.5579936504364014 0.8034334182739258 -2.2188022136688232 -0.1473037153482437 -0.37352877855300903 -0.995396614074707 -3.1010005474090576 -0.14495640993118286 0.08745179325342178 -0.08242800086736679 -0.3522804379463196 0.9623677730560303 0.3178689777851105 0.6476210951805115 1.8414487838745117 -0.5538557767868042 -0.1600429117679596 -0.039454925805330276 1.927795171737671 1.6340162754058838 0.5956347584724426 -1.3211630582809448 -1.7709907293319702 -0.351940393447876 0.9766585230827332 0.5204631686210632 -0.4146542251110077 1.4368115663528442 -0.19024421274662018 0.2740653455257416 0.7047894597053528 -1.4362136125564575 -2.7095887660980225 0.6419219970703125 -0.2805088460445404 0.21756143867969513 0.42124632000923157 1.908822774887085 -0.0843772441148758 0.568414568901062 -0.7986491918563843 -1.1130897998809814 0.054609205573797226 -0.42417842149734497 0.7252326011657715 1.5292384624481201 1.215432047843933 0.460323691368103 1.5757235288619995 1.494992971420288 0.8239947557449341 -0.46098440885543823 1.9590846300125122 -0.34752345085144043 0.2521342635154724 -0.7423385977745056 0.5353863835334778 0.05029861256480217 -0.7998592853546143 0.42272669076919556 -1.6420531272888184 1.767949104309082 -0.6669895648956299 -1.1023222208023071 -0.13130077719688416 0.8023818135261536 -0.8003837466239929 -0.7072421908378601 -0.4097761809825897 0.07270771265029907 0.43366339802742004 1.3231650590896606 0.9766547083854675 0.33468538522720337 1.0004551410675049 -1.231165885925293 -0.8346247673034668 -0.615466296672821 -1.6017475128173828 1.4915999174118042 -1.6606471538543701 1.0800814628601074 0.7726289629936218 0.311697393655777 2.589831829071045 1.204687476158142 1.369328498840332 0.13263429701328278 0.037541575729846954 -0.5623105764389038 0.005809245631098747 1.172080159187317 0.10323523730039597 -0.9022368788719177 0.2601403295993805 0.2589731216430664 -0.5177736282348633 -0.4264164865016937 -1.4397614002227783 0.6507638096809387 0.21332013607025146 0.40076887607574463 -0.24532020092010498 -0.7624906897544861 1.302743673324585 1.7896214723587036 -0.6866097450256348 2.061008930206299 -0.05777027830481529 -0.49912431836128235 -0.30831173062324524 1.6400346755981445 -0.9444903135299683 0.49541279673576355 0.17993170022964478 -1.461944341659546 -0.7309771180152893 -0.27971747517585754 1.607812762260437 1.3125288486480713 -0.20631523430347443 0.781446635723114 0.515335202217102 -0.17635375261306763 -0.16226671636104584 -0.10031213611364365
name arms_wide
group arms
terms 5
term 8 0 0.9 0.0  # upright > 0.9
term 1 0 1.1438780725002289 -0.021790940314531326  # head_height > 1.1438780725002289
term 11 1 0.0 0.3  # body_speed < 0.3
term 4 0 0.25923803448677063 5.935784429311752e-06  # left_hand_lateral > 0.25923803448677063  <- GOAL
term 5 0 0.2677095830440521 3.805570304393768e-05  # right_hand_lateral > 0.2677095830440521  <- GOAL
ess 1831
scaffold 4 0.29401199429053987 0.49148863447967744
hard 0.575 1.0 cem
achieved 0.7790382460641962 1.1801970266047648 1.1607216598324033 1.0496293498853064 0.4684569310136655 0.5071853382295688 0.03432980624667848 0.03867041661990558 0.9936134251571971 -0.03502908379255683 0.0351611505942387 0.04974562172154791 -0.022848041177716095 0.017180013673988265
z -0.12729573249816895 0.7425470948219299 -0.4904179573059082 -1.0460659265518188 1.4323575496673584 0.35983437299728394 0.5569100379943848 0.7296557426452637 -2.1388792991638184 0.9081392288208008 -1.2451797723770142 -0.33925867080688477 1.0598241090774536 -0.4368640184402466 -0.25263211131095886 0.500969409942627 0.41634073853492737 -0.4254884123802185 -0.629852294921875 0.4226672351360321 1.1982675790786743 -0.35865023732185364 0.5259623527526855 -0.9742899537086487 0.9417364597320557 0.9463102221488953 0.6396507620811462 0.66527259349823 0.37079986929893494 -1.062864899635315 -1.261658787727356 -0.6072714328765869 -1.0429970026016235 -0.2294401079416275 -0.5215221643447876 1.812455177307129 1.2091805934906006 -0.5828864574432373 -1.5250004529953003 0.9676148891448975 -1.151864767074585 0.09329121559858322 0.5813305974006653 -0.675650954246521 1.1285566091537476 0.3970632553100586 2.1987454891204834 -0.38240423798561096 -0.31354251503944397 -0.66080641746521 0.7078707218170166 -1.5725374221801758 -0.28018951416015625 0.6500746607780457 1.834983468055725 0.4673907160758972 -0.31579187512397766 -1.062334656715393 -0.39588162302970886 2.39355731010437 0.47817206382751465 0.17588749527931213 0.21607500314712524 1.1119428873062134 -2.7542920112609863 0.843645453453064 0.11490476131439209 -1.0057235956192017 -0.4494794011116028 0.6409009099006653 -0.5960119962692261 0.4677562713623047 -0.2968229651451111 0.9199473261833191 0.4375692307949066 -0.6434946060180664 0.4937785267829895 0.3164805769920349 0.23482516407966614 -1.246743083000183 -0.4446072280406952 2.1454367637634277 -0.1402662843465805 0.8050544261932373 -0.14878447353839874 -1.1226650476455688 0.19488102197647095 0.41377344727516174 -0.43290531635284424 0.18709348142147064 1.1989080905914307 1.5003355741500854 1.5474439859390259 0.3886841833591461 -0.17425136268138885 0.07063299417495728 0.854920506477356 -0.24241814017295837 0.08123109489679337 0.5004364848136902 -0.3335188329219818 -1.1926524639129639 -1.6491618156433105 1.0261900424957275 -0.8852002024650574 0.9345253705978394 -0.2158460170030594 0.397048681974411 -1.6825591325759888 0.33217838406562805 -0.19282716512680054 -0.35941052436828613 0.46902552247047424 0.46037012338638306 0.02941497042775154 0.29381150007247925 0.8000860214233398 -0.10460173338651657 0.6347473859786987 0.8787245154380798 0.6384681463241577 -1.382690668106079 -0.10201437026262283 -0.8181043863296509 0.5227872133255005 -0.23714905977249146 -0.5719497203826904 -0.3369964063167572 -0.6810626983642578 -1.499239444732666 -0.4983980655670166 -0.0814199447631836 -2.141932487487793 -0.39373210072517395 1.1525745391845703 -2.195756435394287 -1.8973510265350342 0.2473033368587494 0.1500169187784195 0.6776541471481323 -0.07941922545433044 0.624244749546051 -0.11119018495082855 0.3837142586708069 0.8334600925445557 -2.015094518661499 -0.8963024616241455 0.05739198625087738 2.0262701511383057 2.081453323364258 1.3495482206344604 -0.856875479221344 -1.3512426614761353 -0.33814263343811035 -0.34661510586738586 1.0844359397888184 0.0086442856118083 0.6902758479118347 0.9312942028045654 -0.11503151804208755 0.7152004837989807 -0.518179178237915 -2.683272361755371 1.6680489778518677 -1.0716392993927002 0.227585569024086 0.004935931414365768 2.2377991676330566 1.6342835426330566 -0.3351532518863678 -0.15539772808551788 -1.1500028371810913 -0.9027284979820251 -0.17506185173988342 0.8015964031219482 1.1626996994018555 1.4963685274124146 -0.18043668568134308 1.2286022901535034 1.4618964195251465 0.6999372243881226 -0.18522942066192627 2.9810609817504883 -0.1258937418460846 -0.030138447880744934 -1.3368006944656372 -0.12254824489355087 -0.6597790122032166 -1.4331852197647095 -0.19778575003147125 -2.387929916381836 2.0206139087677 -0.5351178646087646 -0.8332812190055847 0.46237292885780334 1.043910026550293 -1.4422369003295898 -0.7530094385147095 0.3744635283946991 0.20475658774375916 1.1401596069335938 1.0601565837860107 0.4560149610042572 0.6590471863746643 0.4771823585033417 -1.6889218091964722 -0.035088732838630676 -0.5628705024719238 -1.086724042892456 1.3575364351272583 -0.5349966883659363 0.6077414155006409 0.4840563237667084 -0.2917962968349457 2.6094472408294678 1.0274598598480225 0.8522972464561462 1.095162034034729 0.27542349696159363 -0.07398495823144913 0.11596022546291351 1.2454257011413574 0.4135100543498993 -0.8957648873329163 -0.7346683740615845 0.8554478883743286 -1.5647709369659424 0.28542327880859375 -0.16159337759017944 -0.3638972342014313 0.39284074306488037 0.3358420133590698 -0.3841732442378998 -0.785580039024353 0.8164945840835571 2.6734652519226074 -1.7497085332870483 1.0623422861099243 -1.3355849981307983 -0.43676263093948364 -0.4054213762283325 1.0179519653320313 -0.7690019607543945 0.14581981301307678 1.033745288848877 -0.5322412252426147 -0.3032982349395752 -0.9397817254066467 1.8173863887786865 0.9429934024810791 -0.7080643773078918 0.6414687633514404 0.3479788899421692 -1.928749680519104 -0.4156078100204468 0.16157269477844238
name look_left
group torso
terms 4
term 8 0 0.9 0.0  # upright > 0.9
term 1 0 1.1438780725002289 -0.021790940314531326  # head_height > 1.1438780725002289
term 11 1 0.0 0.3  # body_speed < 0.3
term 13 0 0.1010589599609375 -0.5561438798904419  # torso_yaw > 0.1010589599609375  <- GOAL
ess 384
scaffold 13 0.026949221516914652 0.2581533250107132
hard 1.0 1.0 cem
achieved 0.769922656648389 1.1728769032400062 0.7716466675237458 0.8264767813123669 0.23582170574518288 0.08435830191035751 0.034557608159745304 0.0385681524422556 0.9992316274136398 0.013402807989525714 -0.0008395825218481921 0.013519057174809498 0.15875070330140512 0.2581533250107132
z -0.9168392419815063 0.44924765825271606 0.5701044201850891 -0.5238128900527954 -1.6897419691085815 0.6897865533828735 0.8391148447990417 -0.770393431186676 -0.8631495237350464 0.9498232007026672 0.9198960065841675 -0.4586222767829895 -0.6602717638015747 0.8747193813323975 -0.731816291809082 1.306993842124939 -0.8823017477989197 0.7385926246643066 -0.4835706353187561 1.7418456077575684 0.29001152515411377 0.6373790502548218 0.5327678322792053 -0.02016560360789299 0.0690373033285141 -1.5924097299575806 0.3283880352973938 -0.07120486348867416 0.31720641255378723 0.6736814975738525 -0.2194335162639618 0.2855208218097687 -0.47848522663116455 -1.0822501182556152 -1.208280324935913 0.22619134187698364 -2.397042989730835 0.14409874379634857 0.05174921080470085 0.5165340304374695 -0.2555312514305115 -0.2186150997877121 0.28273311257362366 -1.0871763229370117 -0.7317075729370117 -0.4791920781135559 0.10194723308086395 -0.8361687064170837 0.12567342817783356 -1.1912400722503662 -2.0138537883758545 -0.6824537515640259 -1.5277513265609741 1.0358158349990845 0.6362133026123047 -1.3621547222137451 0.5102967619895935 -0.427933931350708 0.45031946897506714 0.27720561623573303 0.247545525431633 -1.8172122240066528 -0.8762258887290955 0.02340073697268963 -1.2649861574172974 -0.36801257729530334 -0.8050862550735474 -0.17388863861560822 -1.2239717245101929 -2.224409580230713 0.19199244678020477 0.08866023272275925 -0.8412997126579285 0.37463247776031494 0.2927508056163788 -0.07773970812559128 1.1719739437103271 -0.6081678867340088 -0.2077702134847641 0.30627214908599854 0.6602997779846191 0.3104526102542877 0.7998326420783997 -0.7515847086906433 0.161640465259552 -0.8588885068893433 -1.7742666006088257 0.5381724238395691 -1.468822717666626 0.36283212900161743 1.2419861555099487 1.4000952243804932 -0.5615015029907227 0.9356279373168945 0.79701828956604 1.0218901634216309 -0.26782211661338806 1.3426607847213745 0.8270999193191528 0.47492581605911255 -1.6771166324615479 0.748546302318573 -1.3001378774642944 -0.4483408033847809 -0.5146334171295166 1.069214105606079 1.3937643766403198 -1.7461161613464355 0.28985223174095154 -1.0984312295913696 -1.3786216974258423 -0.6586991548538208 -2.3281140327453613 -0.6398611068725586 0.8002963066101074 -0.19343659281730652 1.7156541347503662 -1.4415526390075684 0.9535390138626099 -0.09906631708145142 0.45735952258110046 0.8566164970397949 1.1655906438827515 -1.3375765085220337 2.1941003799438477 -0.6672157049179077 -0.05600354075431824 1.5513012409210205 0.7479895949363708 1.3613003492355347 -1.2980422973632813 0.1439715474843979 -1.4851702451705933 2.1854140758514404 0.8817557096481323 -0.9019622802734375 -0.919759213924408 0.3848854899406433 -0.8553340435028076 -1.8285913467407227 1.9524074792861938 -1.125575065612793 0.7018935680389404 2.616471529006958 0.3634842336177826 -1.3422505855560303 0.1392156034708023 -1.1907864809036255 0.8221005797386169 -0.6246089339256287 -0.03908894956111908 -1.0427073240280151 -1.190185546875 0.36427703499794006 0.4736294746398926 -0.4722086489200592 -2.098237991333008 -0.17035438120365143 -1.1014117002487183 -0.24633660912513733 -0.523213267326355 -0.7213409543037415 -1.651024341583252 0.017151139676570892 -0.49878281354904175 1.6300230026245117 -1.103621244430542 1.4834402799606323 0.4726288914680481 -0.048676420003175735 1.4306906461715698 0.6845651865005493 -1.7839164733886719 0.3719489574432373 1.1254534721374512 -1.8171920776367188 -2.471142530441284 0.478059858083725 0.637424111366272 0.7599861025810242 1.372681736946106 -1.3482303619384766 0.48726776242256165 -0.8698091506958008 -0.7515735626220703 0.6416803002357483 1.0208308696746826 -3.7671868801116943 0.6651129126548767 0.46096280217170715 -0.49926042556762695 -0.16979967057704926 -0.11130191385746002 -0.1304432898759842 1.3030247688293457 0.45333096385002136 0.5990221500396729 -0.6879032850265503 -1.5299147367477417 0.746715247631073 0.0037512879353016615 0.9323375821113586 0.10948172211647034 0.5611871480941772 0.6579557061195374 0.2948535978794098 -0.9379626512527466 -1.2001816034317017 -0.3677506148815155 0.5273245573043823 -0.16077445447444916 0.5445523262023926 -0.022662945091724396 -0.8945068717002869 0.960419237613678 -1.8274269104003906 0.6351780295372009 1.7376405000686646 0.13331586122512817 -0.5172767639160156 -0.743815004825592 1.6557382345199585 -0.15673643350601196 0.5570248961448669 0.6623330116271973 -0.8177739977836609 -0.9310808777809143 2.4094929695129395 -0.6928281188011169 -0.23470017313957214 0.21481943130493164 -0.3375455439090729 -0.4921931028366089 0.4539557099342346 2.0567240715026855 0.6264046430587769 0.34402456879615784 0.023276977241039276 -0.7888782620429993 0.7117326259613037 0.9841034412384033 -0.22814010083675385 -0.1749679148197174 -0.17186219990253448 0.3711926341056824 1.3361846208572388 -0.1306769847869873 0.21079806983470917 -0.8110990524291992 -0.21292154490947723 1.0588414669036865 -0.8978579044342041 -0.2258087396621704 -0.3690682351589203 0.08260386437177658 -1.1986486911773682
name look_right
group torso
terms 4
term 8 0 0.9 0.0  # upright > 0.9
term 1 0 1.1438780725002289 -0.021790940314531326  # head_height > 1.1438780725002289
term 11 1 0.0 0.3  # body_speed < 0.3
term 13 1 -0.5561438798904419 -0.12075693905353546  # torso_yaw < -0.12075693905353546  <- GOAL
ess 269
scaffold 13 0.026949221516914652 -0.34284336877352023
hard 0.0 1.0 cem
achieved 0.7698329176409755 1.1724274045866399 0.8598097411585689 0.8617079889068867 0.18627725527070008 0.3092637868311471 0.03436670485088786 0.03996726549820525 0.9971852551327876 0.0021935165550241676 0.016873583242169695 0.017200627391951988 -0.09026265692324752 -0.2023599789876303
z -1.4300578832626343 -0.5706037282943726 1.3019070625305176 1.4018855094909668 -0.37316563725471497 -1.0763964653015137 0.014143651351332664 -0.598814845085144 0.01046760007739067 0.9978893399238586 -1.4152600765228271 -0.685439944267273 -0.7219902873039246 0.9977827072143555 -1.9122968912124634 0.2797619104385376 2.0036540031433105 0.5407127141952515 -0.19601312279701233 0.7578659057617188 -0.8020795583724976 0.20015129446983337 -0.42827463150024414 2.017124891281128 -0.14150582253932953 0.633308470249176 -0.36142730712890625 1.541763424873352 -0.10462431609630585 -0.4980795383453369 0.6704225540161133 -1.0748976469039917 1.7096912860870361 -0.17702600359916687 0.21261654794216156 -1.3407049179077148 1.8864741325378418 0.8634126782417297 -1.6178834438323975 0.5552894473075867 0.6647760272026062 -0.7002101540565491 0.7184489369392395 0.6971166133880615 0.911531388759613 0.9979513883590698 1.422730565071106 0.07578331977128983 -1.503222942352295 1.8023195266723633 1.015018105506897 -2.121924877166748 -0.37838074564933777 -0.7229458093643188 0.032284099608659744 -0.17023059725761414 -1.1209490299224854 -0.537020742893219 -0.029378900304436684 1.7528597116470337 0.09570010751485825 0.8480268120765686 -1.6689916849136353 -0.5325289368629456 -2.120217800140381 -0.5686056017875671 -0.410404235124588 0.017159251496195793 -0.47164273262023926 -0.44043201208114624 0.4115293323993683 -1.9498302936553955 -0.019840195775032043 -0.7408302426338196 -0.27523425221443176 0.5393292307853699 -0.3438054919242859 -0.15992431342601776 0.9687953591346741 0.1378294825553894 0.4368949830532074 0.00937610398977995 2.6100950241088867 1.2152674198150635 -1.0284626483917236 1.0966191291809082 0.3673211336135864 -0.7827099561691284 -1.036487102508545 0.4531922936439514 -1.3647397756576538 -0.4125608801841736 0.2543373703956604 -0.12021103501319885 0.2830306589603424 -2.036980628967285 0.47085365653038025 1.6378374099731445 0.02019764482975006 0.0624874122440815 -0.09088379144668579 -1.3569053411483765 -2.1931068897247314 -0.6930104494094849 0.590609073638916 -1.0813262462615967 0.7653525471687317 -0.6568197011947632 0.1776002049446106 -1.053016185760498 -0.1056099459528923 -1.3458960056304932 0.17436440289020538 -1.471570372581482 -0.41433191299438477 0.08048198372125626 -0.9267374873161316 -0.8870288729667664 -0.6408520936965942 -0.9969645738601685 0.7381089925765991 0.31587517261505127 -2.2041494846343994 0.35157305002212524 0.47236087918281555 -0.21694514155387878 -0.4653206467628479 -0.9422414302825928 1.381443977355957 -1.2826151847839355 -0.5592980980873108 -0.32590290904045105 0.43316298723220825 1.3185253143310547 0.28593286871910095 -0.016059810295701027 0.6501651406288147 0.4507008194923401 0.36521387100219727 -1.867317795753479 0.06758793443441391 1.3901243209838867 0.41130709648132324 -0.3883163034915924 -0.3951960802078247 -0.975370466709137 1.2950396537780762 0.868767499923706 0.902955174446106 -0.3256617784500122 -1.3648074865341187 -0.6301426887512207 -2.1842570304870605 -0.4717566668987274 -0.4185430109500885 -1.3956693410873413 -0.3042606711387634 0.1698109656572342 0.9944073557853699 0.30614131689071655 0.2534111440181732 0.7181146144866943 -0.3817182183265686 3.183378219604492 1.6705780029296875 0.4529445171356201 -0.018871208652853966 -1.520876407623291 0.9490246176719666 -0.2940671443939209 -0.19280831515789032 -1.6881515979766846 -0.1188439279794693 -1.1163314580917358 0.6041505932807922 0.9423835873603821 -0.9105284214019775 1.3856929540634155 -1.0690540075302124 0.4697493016719818 -1.2326602935791016 -0.9817614555358887 -0.644250750541687 2.3139748573303223 1.0169659852981567 -1.477034330368042 -0.1762913018465042 1.5579935312271118 0.881372332572937 -0.8900222182273865 0.7853567600250244 -0.07892286777496338 -0.6141168475151062 -1.21761953830719 0.3060561418533325 -0.1993504911661148 -0.029966866597533226 1.1049567461013794 -2.033936023712158 0.33785179257392883 0.7828238606452942 -0.23553548753261566 -0.557052731513977 -0.24695104360580444 1.174251914024353 0.72001051902771 1.294458031654358 -0.6111592650413513 0.6669158339500427 1.865676760673523 -1.7179673910140991 -0.23787209391593933 0.11920607835054398 -1.4624183177947998 -0.36255916953086853 1.067934513092041 -0.2455831617116928 1.248381495475769 -0.7776407599449158 0.3691166043281555 1.2619969844818115 0.8371060490608215 -0.47580164670944214 -0.10089928656816483 0.9546953439712524 2.1912684440612793 -1.2859675884246826 -0.008643188513815403 0.06132340058684349 0.0939117968082428 1.293023943901062 0.9555904865264893 2.252870798110962 0.527846097946167 0.9502368569374084 0.26804184913635254 1.3254715204238892 0.06316705048084259 0.652489960193634 0.1912737339735031 -0.7697660326957703 0.2867739498615265 0.5237091183662415 0.9612001776695251 -0.893610417842865 -0.2825712561607361 -1.6152523756027222 -0.6630024909973145 0.09137216210365295 0.13437767326831818 0.6861910223960876 0.40715110301971436 2.1088833808898926 0.03163094446063042 1.0289524793624878 -0.006667498033493757
name walk_right_hand_up
group combo
terms 3
term 1 0 0.8950709998607635 -0.021790940314531326  # head_height > 0.8950709998607635
term 9 0 0.4 0.0  # body_speed_forward > 0.4  <- GOAL
term 3 0 0.9226659834384918 -0.04302695393562317  # right_hand_height > 0.9226659834384918  <- GOAL
ess 1346
scaffold 9 0.5681104852552014 1.2728927585637406
hard 1.0 1.0 cem
achieved 0.7467371648416787 1.148856328385144 0.8959925565955509 1.1588789982641388 0.2338290974947555 0.15118200127995574 0.08843751966940369 0.07283294077928977 0.9947580793162711 1.2728927585637406 -0.1025929149672429 1.279779347833377 0.061675048644428285 -0.02680372753077247
z 0.5040822625160217 -1.2078853845596313 0.7199179530143738 -1.9240118265151978 -1.195075273513794 0.19933940470218658 0.5998530387878418 -1.9142524003982544 -0.16940529644489288 0.5125364661216736 0.3162536025047302 -0.7521257400512695 -0.21101631224155426 1.5092371702194214 -0.18957950174808502 -0.4281465709209442 -0.36854851245880127 0.5433568954467773 2.2212140560150146 0.19757792353630066 -2.315300941467285 -1.1188234090805054 0.3764159679412842 0.9797653555870056 1.206227421760559 0.6487703919410706 -1.1560492515563965 0.5570432543754578 -0.11041963845491409 -1.6839359998703003 1.2289361953735352 -1.5836814641952515 -0.2709173560142517 -2.1654014587402344 0.8102877736091614 -0.14020304381847382 -0.5341396331787109 -0.07716069370508194 -2.104468822479248 0.06776656210422516 0.9121875762939453 -0.3786218464374542 1.3385258913040161 -1.4684890508651733 1.4149889945983887 1.5010874271392822 2.2058606147766113 -0.16112564504146576 -0.3050650358200073 -1.4305187463760376 -0.212442547082901 -0.39694932103157043 -0.41192758083343506 -2.0634849071502686 -0.9054836630821228 -1.022994875907898 0.3334888219833374 -0.10416430234909058 -0.3087846338748932 -1.5082449913024902 0.967479944229126 -0.6435406804084778 0.003029072191566229 -0.7189479470252991 -0.3224579393863678 -0.7216940522193909 -0.333564817905426 -2.2043280601501465 0.7152891159057617 -1.6535536050796509 -0.1592141091823578 -0.9682109951972961 -0.05692401900887489 0.5928428769111633 1.489956021308899 -1.2493398189544678 0.7251441478729248 -0.7595097422599792 -0.23718813061714172 -0.4158485531806946 -0.8278685212135315 0.13982325792312622 0.013484101742506027 -0.6953758597373962 0.07816672325134277 -0.24197043478488922 -2.7756190299987793 -1.8361899852752686 -0.3257499039173126 -1.0395525693893433 -0.4738302230834961 -1.352952241897583 0.07616822421550751 -0.048854004591703415 0.5290592312812805 0.5590167045593262 -0.3062104880809784 0.9740480780601501 -0.31729766726493835 -0.31563785672187805 -1.1735574007034302 1.0464136600494385 0.16470570862293243 -1.422006607055664 -0.9636802673339844 -0.7140060067176819 -0.35157325863838196 -0.837916910648346 0.41862398386001587 0.5556572079658508 -1.6082327365875244 -0.5805982947349548 -0.9901770353317261 0.5697031617164612 -0.8550066947937012 0.5966032147407532 0.14317062497138977 -0.5961641073226929 -0.26667648553848267 -0.6490596532821655 1.710647463798523 0.09460519254207611 -0.20610138773918152 0.15748584270477295 -1.575277328491211 0.3755539655685425 -1.1940035820007324 -1.747727394104004 -0.5649270415306091 -0.9785741567611694 -0.7714207172393799 -0.3597126603126526 -0.2791794240474701 1.772009253501892 -2.4424421787261963 -0.6539388298988342 -0.15746745467185974 -1.4833260774612427 -1.0869437456130981 -1.549667477607727 -0.3145556151866913 0.26453202962875366 1.6381381750106812 0.18151125311851501 0.8361210227012634 0.07149495929479599 -0.33445438742637634 -0.5459480285644531 2.276888132095337 1.2856401205062866 0.4130655527114868 -0.6441804766654968 -1.18439781665802 0.6468845009803772 -1.0564242601394653 -0.8918737769126892 -0.42879214882850647 0.39830729365348816 1.0384104251861572 1.5102689266204834 1.78793203830719 -0.5722395777702332 -0.2552860379219055 -1.3112281560897827 1.343584418296814 -1.137392282485962 0.6101827025413513 -0.5974264144897461 0.6725104451179504 -1.1742839813232422 -0.06839527189731598 -0.8476608991622925 2.2713921070098877 0.9124207496643066 0.2337527573108673 1.6022889614105225 0.08022639900445938 1.1140416860580444 -0.8471356630325317 0.8524245619773865 -0.4609827697277069 1.9087225198745728 0.47023409605026245 0.5781025886535645 0.8099101185798645 0.5658159852027893 -0.6143715381622314 -0.7556288242340088 -0.42843297123908997 -1.159008502960205 -0.5646060705184937 0.6889457106590271 1.413936972618103 -0.058771971613168716 1.042420744895935 0.051733553409576416 -0.638771116733551 1.0894688367843628 -0.4041791260242462 -0.114918053150177 -1.1576648950576782 -0.0835212990641594 1.1145350933074951 -0.051593344658613205 1.1737502813339233 0.3109898269176483 0.3298766314983368 -0.06698999553918839 -1.0824439525604248 -0.2174234241247177 -1.5270658731460571 1.9082900285720825 -0.5209707617759705 0.6354864835739136 -0.049582842737436295 0.5811263918876648 0.1330033540725708 0.13860715925693512 0.3123203217983246 -0.3786556124687195 0.43919673562049866 0.06208682060241699 1.215298056602478 1.3098424673080444 1.1929502487182617 -0.26440173387527466 0.0338110513985157 0.9272031188011169 -0.2105131894350052 0.4438193440437317 0.4583013355731964 -1.5087242126464844 1.3549443483352661 0.09882491827011108 1.7523046731948853 1.6508303880691528 -0.322831928730011 0.846453845500946 1.369917392730713 1.8824185132980347 -1.7828099727630615 -0.5799384713172913 0.8935343623161316 0.30009785294532776 -2.2274837493896484 1.3894357681274414 -0.029548555612564087 0.1171848475933075 0.19287297129631042 1.388709306716919 -0.5055704712867737 -0.6674628257751465 -0.872453510761261 -0.08837093412876129 -0.17517822980880737 -1.2278225421905518
name walk_both_hands_up
group combo
terms 4
term 1 0 0.8950709998607635 -0.021790940314531326  # head_height > 0.8950709998607635
term 9 0 0.4 0.0  # body_speed_forward > 0.4  <- GOAL
term 2 0 0.8802454471588135 -0.054704733192920685  # left_hand_height > 0.8802454471588135  <- GOAL
term 3 0 0.8652308061718941 -0.04302695393562317  # right_hand_height > 0.8652308061718941  <- GOAL
ess 1182
scaffold 9 0.5681104852552014 1.5946200918451807
hard 1.0 1.0 cem
achieved 0.773773316229396 1.1708612578116642 1.0183060720764845 1.0228513703901259 0.1573335630237131 0.23773963431394632 0.1070081025765425 0.10482025968703575 0.9799173895867164 1.5946200918451807 0.11833979588902829 1.600292647413637 -0.11263828653488091 -0.06443430976952916
z 0.750006914138794 -1.472536325454712 0.47449561953544617 -1.6964952945709229 -1.1058764457702637 -0.7570894360542297 0.8220745921134949 -1.8903595209121704 0.9544441103935242 0.31029412150382996 -0.4808083772659302 -0.18226192891597748 -0.4022248685359955 1.0394439697265625 -0.7983587384223938 0.13235461711883545 -0.00483529269695282 0.6413686275482178 1.3931645154953003 -0.10383041203022003 -1.5707591772079468 -0.9313177466392517 0.1388940066099167 1.2513982057571411 2.0906777381896973 1.0400818586349487 -1.310760259628296 1.8968313932418823 -0.9876697063446045 -1.1169896125793457 1.1285990476608276 -1.0169893503189087 -0.6094769835472107 -1.0994384288787842 0.3026685416698456 -0.2318766713142395 -0.11769673973321915 0.14297543466091156 -2.419173240661621 0.8169324994087219 -0.05100392922759056 -1.0885237455368042 0.3225374221801758 -0.34463822841644287 1.0230185985565186 0.8639635443687439 2.3538355827331543 -0.024354979395866394 -0.19600048661231995 -0.8735466599464417 -0.07957179099321365 -0.4961153268814087 -0.3203166723251343 -0.9681037068367004 -0.8193069696426392 -0.7128075361251831 1.1706470251083374 0.745925784111023 -0.1387898176908493 -0.9212667346000671 -0.5558178424835205 -1.3373554944992065 0.3184044659137726 0.2679203748703003 -0.5029906630516052 -0.8773943185806274 -0.8291225433349609 -2.3599190711975098 0.9736777544021606 -0.7831147313117981 0.24980001151561737 -1.6881433725357056 -0.5936713218688965 -0.2242356538772583 1.0879714488983154 -1.1163604259490967 0.971832275390625 -1.6449918746948242 -0.5300845503807068 0.14323663711547852 -1.6454386711120605 1.2428152561187744 0.20666158199310303 -0.9643424153327942 0.92075514793396 0.008528448641300201 -2.0083937644958496 -2.102564811706543 0.03590456768870354 0.5747988820075989 -1.191429853439331 -0.8417792916297913 -0.18204492330551147 -0.2591342031955719 -0.1665879637002945 0.02170274406671524 -1.5697638988494873 1.0238198041915894 -1.2530840635299683 -1.2214139699935913 -1.674434781074524 1.0041730403900146 -0.3201810419559479 -1.305228590965271 0.19405068457126617 -0.5849465131759644 -0.4929041266441345 -1.2382491827011108 0.6787639260292053 0.2857031524181366 -1.6434824466705322 -0.8900623321533203 -0.8444992303848267 1.0505348443984985 -1.0188742876052856 0.8178505301475525 -0.0424373522400856 0.07117599248886108 -1.2641676664352417 -1.0560531616210938 1.7343087196350098 -0.5160058736801147 -0.03160155937075615 -0.07360561192035675 -1.489232063293457 0.28437361121177673 -1.0546144247055054 -0.8800361156463623 -0.020107384771108627 -0.7441270351409912 -1.2085020542144775 0.12604756653308868 0.304277628660202 0.5272489786148071 -1.8048392534255981 -1.5109050273895264 -0.696917712688446 -0.3908238708972931 -1.074548602104187 -0.905360996723175 0.07753381878137589 0.4498113989830017 0.8409651517868042 0.35215574502944946 0.2744654417037964 -0.8535197377204895 -0.21668946743011475 0.09824465960264206 1.8676960468292236 1.637215495109558 0.09532667696475983 -0.9783781170845032 -1.0936378240585327 0.6747772097587585 -0.8687382936477661 -1.664023518562317 -0.5837917327880859 0.8779222965240479 0.4472513794898987 2.143749475479126 1.617708444595337 -0.9125701785087585 0.7715400457382202 -0.4196537137031555 1.0944526195526123 -1.6269253492355347 1.2154709100723267 -1.8716034889221191 0.678382158279419 0.32876890897750854 0.9347083568572998 -1.7434345483779907 1.6082572937011719 0.9567319750785828 0.5125280022621155 0.7717159986495972 0.37292757630348206 0.9138025045394897 -1.358546257019043 1.2825208902359009 0.5586722493171692 2.0971012115478516 0.8448521494865417 0.5560391545295715 0.5912516713142395 0.6088404655456543 -0.013438082300126553 -0.7327640056610107 0.46352455019950867 -0.8583551645278931 -0.6871911883354187 -0.550593376159668 0.5078762173652649 -0.07175668329000473 0.9768771529197693 0.2604057490825653 -1.23358154296875 0.7373128533363342 -1.7766820192337036 0.05024033784866333 -0.8815631866455078 -0.163433238863945 2.1881091594696045 0.06027800962328911 1.851366400718689 0.2159959226846695 0.2701101005077362 -0.32241448760032654 -0.45281869173049927 -0.03234604373574257 -1.9260241985321045 1.0400203466415405 -0.896195113658905 0.44221600890159607 -0.7160703539848328 0.8462878465652466 0.5930884480476379 -0.06309514492750168 0.5418382883071899 -0.5248976945877075 0.15221434831619263 1.8442903757095337 -0.4252797067165375 1.5354766845703125 0.3660615384578705 0.6615794897079468 -0.5985986590385437 0.7299912571907043 -0.4470658004283905 0.16749541461467743 1.0285731554031372 -1.5005379915237427 1.3494105339050293 0.6299057006835938 1.2965419292449951 0.6434736847877502 -0.12905189394950867 0.6383925080299377 2.684581995010376 1.1026172637939453 -1.1909215450286865 -0.5958786606788635 1.441392183303833 0.5014938712120056 -0.9370511770248413 1.1637818813323975 -0.2724396884441376 0.4532164931297302 -0.918171226978302 0.8373652696609497 0.2628774344921112 -1.2003085613250732 -0.5540286898612976 -0.21827000379562378 -0.21851085126399994 -1.190666913986206
name spin_arms_in
group combo
terms 5
term 8 0 0.9 0.0  # upright > 0.9
term 0 0 0.7540479898452759 0.029116928577423096  # body_height > 0.7540479898452759
term 12 0 1.0 0.0  # body_angular_velocity_yaw > 1.0  <- GOAL
term 4 1 5.935784429311752e-06 0.11675775051116943  # left_hand_lateral < 0.11675775051116943  <- GOAL
term 5 1 3.805570304393768e-05 0.14138898253440857  # right_hand_lateral < 0.14138898253440857  <- GOAL
ess 160
scaffold 12 -0.059257998321688224 1.9821321020926472
hard 0.375 1.0 cem
achieved 0.7791371006313337 1.1823699073400333 0.9359573922279303 0.8944926232284722 0.0765693511189913 0.06919912725691482 0.08663497091443904 0.08594814106849172 0.9986953004708118 0.6216764207394296 -0.16977959504918674 0.6525523503301205 1.7620451664163972 0.016574390026172198
z -0.8274251222610474 -0.8425887823104858 -0.3646926283836365 -0.9735470414161682 -0.9395310878753662 0.2501077651977539 1.2056087255477905 0.17578831315040588 -0.716558039188385 -0.5563961267471313 1.3237206935882568 -0.06011499837040901 -0.019969556480646133 1.5455511808395386 -0.4267173111438751 0.03295643627643585 -1.157501459121704 0.16082093119621277 -0.8383672833442688 0.94999098777771 0.42910969257354736 1.3906192779541016 0.8388385772705078 -0.8219259977340698 1.3249139785766602 -1.3629158735275269 1.348365306854248 0.9822947978973389 -0.5680082440376282 -0.6429945826530457 -1.2124247550964355 -0.7672512531280518 1.0209890604019165 1.2594577074050903 -0.6920144557952881 0.6647387742996216 -0.5432846546173096 1.2521291971206665 1.3904472589492798 -0.1520582139492035 0.38036295771598816 -0.12414366006851196 -0.555348813533783 0.531295120716095 -0.9917730093002319 -2.478046178817749 1.2560383081436157 -1.0202465057373047 -1.3628207445144653 0.6710341572761536 -3.1745388507843018 0.3461872935295105 -0.43551644682884216 1.8562685251235962 1.3558732271194458 -0.7274065613746643 1.8441497087478638 -0.27616316080093384 0.09407156705856323 -0.42933639883995056 -0.4377475678920746 0.30906006693840027 1.3698785305023193 0.5041217803955078 0.45607519149780273 -1.0738308429718018 -0.9364833831787109 -1.0909336805343628 -0.4748305380344391 -1.0680934190750122 2.0285959243774414 1.4568798542022705 -0.019676588475704193 -0.12906473875045776 -0.4532262980937958 -0.27097368240356445 -0.496020644903183 -1.4261890649795532 0.7129996418952942 0.8167035579681396 2.4917759895324707 -0.7192344665527344 -0.5866414308547974 -1.9323935508728027 0.8161879181861877 0.25004640221595764 -1.4604589939117432 0.725935697555542 -1.2776436805725098 -0.040376268327236176 0.16695576906204224 0.7108351588249207 -0.20499436557292938 0.9399580359458923 0.8445495367050171 0.17285805940628052 0.18232671916484833 -0.16756361722946167 0.3599337041378021 -0.5538265705108643 -1.8388391733169556 0.3450855016708374 -0.6547940969467163 -1.914811611175537 -1.0191203355789185 -1.1614245176315308 -0.10903625935316086 -0.001466997666284442 1.304816484451294 -1.1450406312942505 0.21091729402542114 0.6259963512420654 -1.4799573421478271 -0.8029094338417053 0.41613465547561646 -0.05511881783604622 1.7010984420776367 0.02841910533607006 0.8002006411552429 1.0049628019332886 -0.7074728012084961 0.9929014444351196 1.8075069189071655 -0.4333672821521759 0.7462071776390076 0.2603674530982971 -0.14958342909812927 0.4711019694805145 -1.3391234874725342 -0.07893253117799759 -0.18528662621974945 1.1608312129974365 -0.6687342524528503 0.6071045398712158 0.6522197127342224 -0.28862935304641724 1.2861506938934326 0.46602922677993774 -0.8315108418464661 1.7396838665008545 1.4658061265945435 -0.2827773690223694 0.3615339398384094 0.2553536295890808 1.2736799716949463 -0.7769277691841125 -0.9103172421455383 -0.6899739503860474 0.5440916419029236 1.2328953742980957 0.6018139719963074 0.7205106616020203 -0.4670499563217163 0.3465503752231598 -1.9076428413391113 -1.7405248880386353 -0.6918025612831116 0.08100948482751846 1.0017081499099731 0.2932983636856079 0.8095465302467346 0.7474185228347778 0.5993228554725647 -0.9280356168746948 -0.9781728386878967 -0.05827128142118454 -0.287283331155777 0.546601414680481 -0.6868067383766174 -0.3280567228794098 -0.3181975781917572 -1.3486895561218262 1.534845232963562 0.47852739691734314 -0.2744085490703583 -2.0297136306762695 -0.2652515470981598 -1.069409966468811 0.9174371957778931 0.6735471487045288 -0.7174255847930908 0.7520644664764404 0.1707875281572342 -0.3116008937358856 -1.4004461765289307 0.1540231853723526 1.0440444946289063 -3.1751880645751953 -0.38570472598075867 0.21815335750579834 -1.4576441049575806 -0.5942273736000061 -0.08140762150287628 0.8488331437110901 1.1012542247772217 -0.2570101320743561 -0.7666288018226624 -0.01414567232131958 0.08413951098918915 -0.4645683765411377 0.9043617844581604 0.040650878101587296 0.6010778546333313 0.6037489771842957 -1.5278584957122803 -0.672719419002533 -1.3387659788131714 -0.44195547699928284 -2.0862317085266113 0.7214441299438477 1.2540278434753418 2.1528756618499756 -1.1868103742599487 0.5083610415458679 -0.8263746500015259 -2.7700839042663574 0.7843268513679504 -0.10776690393686295 -0.6859114170074463 -0.4982764422893524 0.20674291253089905 -0.7503448724746704 0.2606000602245331 0.8389213681221008 0.9002522826194763 -1.319109320640564 -1.3588876724243164 1.8005634546279907 -0.43098610639572144 1.0153114795684814 -0.10672654956579208 -0.4379345178604126 0.5539636611938477 0.523495614528656 0.3959888219833374 -0.7586567401885986 -0.2789997160434723 0.4856662452220917 -0.7441916465759277 1.1059874296188354 -0.579296350479126 -0.49081650376319885 -0.44294628500938416 -0.07892727851867676 0.7139440774917603 1.3899577856063843 -0.5739327669143677 -0.06091732159256935 -1.777379035949707 0.8407401442527771 0.5981994867324829 0.7510364651679993 -2.824629545211792 -1.421081781387329 1.1714024543762207 -1.6235439777374268
